Split,Ratio,Train_Pct,Seed,Train_Students,Test_Students,Train_N,Test_N,Type,Model,Combo_Name,Method,CV_Acc,CV_Acc_Std,CV_F1,CV_F1_Std,CV_Kappa,CV_Kappa_Std,Test_Acc,Test_F1,Test_F1_W,Test_Kappa,Combined
80:20_seed42,80:20,80,42,44,11,1680,400,Ensemble,C1_Optimal5_SoftVoting,C1_Optimal5,Soft Voting,0.8636904761904762,0.0240243286554887,0.6694371201016499,0.0546763713295016,0.819980508885193,0.03183684987494,0.815,0.6759983575716335,0.804651588864951,0.7562682695870558,0.7161333135793446
80:20_seed42,80:20,80,42,44,11,1680,400,Individual,GB,,,0.8535714285714286,0.0276897698800309,0.6631881858801237,0.0517215252169327,0.8048938557540446,0.037424337104703,0.7825,0.6706907323683705,0.7685004268195454,0.7132072983797861,0.6919490153740784
80:20_seed42,80:20,80,42,44,11,1680,400,Individual,XGB,,,0.8535714285714284,0.0276897698800309,0.671821783476594,0.0633782889033506,0.8063115757347254,0.0369367957418175,0.8025,0.6681221913312853,0.7906626544478871,0.7384863657053007,0.703304278518293
80:20_seed42,80:20,80,42,44,11,1680,400,Ensemble,C3_Optimal3_SoftVoting,C3_Optimal3,Soft Voting,0.8720238095238096,0.022311505730942,0.7073682435681288,0.0492283278822728,0.8312548497367768,0.0296032909817453,0.7825,0.6540711114648963,0.7759050200206892,0.7116507991747247,0.6828609553198105
40:60_seed456,40:60,40,456,22,33,860,1220,Ensemble,C5_Prev5_Stacking,C5_Prev5,Stacking,0.808139534883721,0.0403640812969995,0.71058797525006,0.0669411021745003,0.7554690829627791,0.0507003462508723,0.7352459016393442,0.6365060427289115,0.7607404518066768,0.6682736948262785,0.6523898687775951
40:60_seed42,40:60,40,42,22,33,860,1220,Individual,XGB,,,0.7988372093023255,0.0392775482652431,0.6599815182683564,0.0757737871149363,0.7428275659943633,0.0492774204764213,0.8057377049180328,0.6338020242263457,0.798561187219831,0.7374507277447404,0.685626375985543
80:20_seed456,80:20,80,456,44,11,1680,400,Ensemble,C3_Optimal3_Stacking,C3_Optimal3,Stacking,0.8541666666666667,0.017096912638506,0.7768972695373068,0.029031423636333,0.8146969255178907,0.0213550480341191,0.755,0.6327317802935848,0.7940657207231101,0.6875846788976202,0.6601582295956026
70:30_seed456,70:30,70,456,38,17,1460,620,Individual,XGB,,,0.85,0.024011709784874,0.6784542043526111,0.0573010635155877,0.8051196505207884,0.0317035150743916,0.8483870967741935,0.6315587165405677,0.8429664783482622,0.7931954636424283,0.7123770900914981
80:20_seed456,80:20,80,456,44,11,1680,400,Ensemble,C5_Prev5_Stacking,C5_Prev5,Stacking,0.8565476190476191,0.0189075954455578,0.7754284193878235,0.0366021741013914,0.8181024722005196,0.0237082207933335,0.755,0.6284690800298189,0.7958698743692046,0.6891750451964858,0.6588220626131523
70:30_seed456,70:30,70,456,38,17,1460,620,Ensemble,C1_Optimal5_SoftVoting,C1_Optimal5,Soft Voting,0.8438356164383561,0.0352989006211647,0.6893040148488521,0.0535352778320505,0.7984202010173754,0.0439187344716182,0.8112903225806452,0.6248539620332764,0.8237836680048751,0.7481048833761029,0.6864794227046896
80:20_seed456,80:20,80,456,44,11,1680,400,Ensemble,C2_Alt5_Stacking,C2_Alt5,Stacking,0.8529761904761906,0.0168463948786725,0.7774516908429843,0.0291505406473764,0.8134435887482567,0.0209874700569555,0.76,0.6222735752902382,0.8012387472233214,0.6951776146060726,0.6587255949481554
80:20_seed456,80:20,80,456,44,11,1680,400,Ensemble,C2_Alt5_SoftVoting,C2_Alt5,Soft Voting,0.8535714285714286,0.0160162191036591,0.6980049365108565,0.0387069885512862,0.809503979877188,0.0199204335177656,0.83,0.6198772689733792,0.8330641499835326,0.7733257775259175,0.6966015232496483
80:20_seed456,80:20,80,456,44,11,1680,400,Ensemble,C1_Optimal5_Stacking,C1_Optimal5,Stacking,0.85,0.0204124145231931,0.7645112548782926,0.0359224497321353,0.8097072695734108,0.0251303164751019,0.75,0.6180626744719502,0.7936297623413543,0.6837019523496992,0.6508823134108247
80:20_seed456,80:20,80,456,44,11,1680,400,Ensemble,C4_Prev4_Stacking,C4_Prev4,Stacking,0.8553571428571429,0.013586562155373,0.7787689679455042,0.0339387597852072,0.8165151005738135,0.0169073763996266,0.7525,0.6164602073051783,0.7950909861986972,0.6852871754523997,0.6508736913787889
80:20_seed456,80:20,80,456,44,11,1680,400,Ensemble,C3_Optimal3_SoftVoting,C3_Optimal3,Soft Voting,0.8714285714285716,0.0136256227884042,0.6916408970224786,0.0590109279151933,0.8318624235032386,0.0176968404717383,0.825,0.613146058347201,0.8279145474483305,0.7664369963797735,0.6897915273634873
40:60_seed456,40:60,40,456,22,33,860,1220,Ensemble,C3_Optimal3_Stacking,C3_Optimal3,Stacking,0.8162790697674419,0.0355745547459961,0.7310852851875099,0.0449477638631044,0.7656301282457001,0.0448247468749888,0.7016393442622951,0.6120168899058055,0.7242962605314935,0.6278829684897116,0.6199499291977586
70:30_seed456,70:30,70,456,38,17,1460,620,Ensemble,C2_Alt5_SoftVoting,C2_Alt5,Soft Voting,0.8356164383561644,0.0373899837368662,0.75429631331728,0.0707730892864781,0.7920336306998238,0.0468610852823378,0.7387096774193549,0.6095570027098225,0.7802857311762366,0.6639184088658083,0.6367377057878154
70:30_seed456,70:30,70,456,38,17,1460,620,Ensemble,C3_Optimal3_Stacking,C3_Optimal3,Stacking,0.8479452054794521,0.0322427460162734,0.773765573943908,0.0566162877053812,0.8086743520602594,0.040425552529053,0.7467741935483871,0.6086530729067361,0.7794547930004553,0.6744677577938452,0.6415604153502906
60:40_seed456,60:40,60,456,33,22,1260,820,Ensemble,C1_Optimal5_SoftVoting,C1_Optimal5,Soft Voting,0.8563492063492063,0.0225737502433776,0.6992550418013501,0.0651058217355352,0.8116082506137147,0.029600172480857,0.7865853658536586,0.6055029108929795,0.7859054328406345,0.7191802803891947,0.6623415956410871
70:30_seed456,70:30,70,456,38,17,1460,620,Ensemble,C1_Optimal5_Stacking,C1_Optimal5,Stacking,0.8376712328767123,0.0312451910354987,0.7540751798562219,0.0580005972804666,0.7956828143090335,0.0389492177511633,0.7451612903225806,0.6017400160743588,0.7820632056005513,0.6742235539430057,0.6379817850086822
60:40_seed42,60:40,60,42,33,22,1280,800,Ensemble,C5_Prev5_HardVoting,C5_Prev5,Hard Voting,0.825,0.0240035804620894,0.7455971781725264,0.0536569532180405,0.7797517353369384,0.0291905354895147,0.745,0.6013108389412934,0.7732419257897659,0.6649819968879456,0.6331464179146196
80:20_seed456,80:20,80,456,44,11,1680,400,Ensemble,C1_Optimal5_SoftVoting,C1_Optimal5,Soft Voting,0.8619047619047621,0.0140355072887518,0.6909820369522346,0.0310183129503848,0.8193037194162045,0.0182298344543678,0.8275,0.6003468910614151,0.8305353966652811,0.7696813925930871,0.6850141418272511
60:40_seed42,60:40,60,42,33,22,1280,800,Ensemble,C3_Optimal3_SoftVoting,C3_Optimal3,Soft Voting,0.8578125,0.025146057717861,0.6922608995839753,0.0636863855633323,0.8129896379180817,0.0326701173449118,0.80625,0.5995938896631755,0.803975947293893,0.7390616319590579,0.6693277608111168
70:30_seed456,70:30,70,456,38,17,1460,620,Ensemble,C3_Optimal3_SoftVoting,C3_Optimal3,Soft Voting,0.8671232876712327,0.0292522691836474,0.7060742514626891,0.0588416517727135,0.8277448911222448,0.0383099816585275,0.8193548387096774,0.5991782693318101,0.8251442530453866,0.757728847502451,0.6784535584171305
60:40_seed42,60:40,60,42,33,22,1280,800,Ensemble,C3_Optimal3_Stacking,C3_Optimal3,Stacking,0.83359375,0.0247176437805568,0.7487835453506506,0.0351926050252009,0.7908235453164517,0.0295962505173856,0.7725,0.5990719084553344,0.7962594744890217,0.7021916323212076,0.650631770388271
40:60_seed42,40:60,40,42,22,33,860,1220,Ensemble,C5_Prev5_Stacking,C5_Prev5,Stacking,0.8220930232558139,0.026026778239069,0.757448345794017,0.0523341009060286,0.7796354380946824,0.0317644230468033,0.760655737704918,0.5987350085982822,0.792637686758274,0.6903031072272461,0.6445190579127642
70:30_seed456,70:30,70,456,38,17,1460,620,Ensemble,C4_Prev4_Stacking,C4_Prev4,Stacking,0.8438356164383561,0.0323879189521558,0.7625866454037571,0.0585698766374699,0.8037249438253393,0.0400268187657278,0.7435483870967742,0.5986661373477453,0.782129066840242,0.6733987993479903,0.6360324683478678
80:20_seed456,80:20,80,456,44,11,1680,400,Ensemble,C2_Alt5_HardVoting,C2_Alt5,Hard Voting,0.8434523809523808,0.0174659532751443,0.75776375201658,0.031147561222703,0.8001882512718218,0.0215505933727187,0.7425,0.5975427168507831,0.7817052843826828,0.6692277431216231,0.6333852299862031
70:30_seed42,70:30,70,42,38,17,1440,640,Ensemble,C3_Optimal3_SoftVoting,C3_Optimal3,Soft Voting,0.8569444444444445,0.0167820082966591,0.6896395475269227,0.04661014873821,0.811241382975744,0.0224824652069674,0.8046875,0.5972672253320992,0.8006166122435673,0.7392811982636127,0.668274211797856
60:40_seed123,60:40,60,123,33,22,1220,860,Ensemble,C2_Alt5_HardVoting,C2_Alt5,Hard Voting,0.8442622950819672,0.0327868852459016,0.7485480012829613,0.0563354160954449,0.7930499342180903,0.0423451237634084,0.7058139534883721,0.5970379580794015,0.7145102857302087,0.6374881081504362,0.6172630331149189
80:20_seed456,80:20,80,456,44,11,1680,400,Ensemble,C4_Prev4_SoftVoting,C4_Prev4,Soft Voting,0.8511904761904763,0.0124858196210732,0.7587336270003423,0.0506842539970432,0.8101238190047677,0.0156901695778103,0.735,0.596957921010033,0.7761662000910639,0.6610711430855316,0.6290145320477822
70:30_seed456,70:30,70,456,38,17,1460,620,Ensemble,C5_Prev5_Stacking,C5_Prev5,Stacking,0.845890410958904,0.034688924005755,0.7697245022906573,0.0643055912600247,0.8062567161005774,0.0430990923150258,0.7387096774193549,0.596931352204404,0.7780078964090634,0.6651642841903136,0.6310478181973588
70:30_seed456,70:30,70,456,38,17,1460,620,Ensemble,C2_Alt5_Stacking,C2_Alt5,Stacking,0.8383561643835616,0.0320090998508162,0.7643389138839254,0.0594214151839692,0.7967558548974722,0.0398032503750673,0.7403225806451613,0.5954131817461972,0.7775948743595288,0.6683291190552929,0.631871150400745
60:40_seed42,60:40,60,42,33,22,1280,800,Ensemble,C1_Optimal5_HardVoting,C1_Optimal5,Hard Voting,0.82890625,0.0271645916417401,0.7582777475092529,0.0596485653731428,0.7828473813166276,0.0335222208084461,0.77,0.5942595953225194,0.7885253031387109,0.6945836315915056,0.6444216134570124
40:60_seed456,40:60,40,456,22,33,860,1220,Ensemble,C4_Prev4_Stacking,C4_Prev4,Stacking,0.808139534883721,0.0372274664967026,0.7011835017175534,0.0608930947654524,0.7557827004635147,0.0464326795766385,0.6885245901639344,0.5940197457177734,0.7202201709619644,0.6134924161642874,0.6037560809410304
80:20_seed456,80:20,80,456,44,11,1680,400,Ensemble,C4_Prev4_HardVoting,C4_Prev4,Hard Voting,0.8434523809523808,0.0172619047619047,0.7545916367632518,0.0376625544650822,0.8007917844905666,0.0213041285299892,0.725,0.5936162923487752,0.7655421883991421,0.6494694241738632,0.6215428582613192
60:40_seed42,60:40,60,42,33,22,1280,800,Ensemble,C5_Prev5_Stacking,C5_Prev5,Stacking,0.821875,0.0341969822316238,0.7277278959274034,0.060831112684466,0.7763164011966369,0.0415141210775087,0.7775,0.593448479429047,0.7994528987646784,0.7080142302053538,0.6507313548172005
50:50_seed42,50:50,50,42,27,28,1040,1040,Ensemble,C5_Prev5_HardVoting,C5_Prev5,Hard Voting,0.8336538461538462,0.0304217154222237,0.7725208712412752,0.050540576922835,0.7934430611910377,0.037455504265627,0.7413461538461539,0.5931782330330915,0.7771611223506448,0.6617628567836037,0.6274705449083475
50:50_seed42,50:50,50,42,27,28,1040,1040,Ensemble,C4_Prev4_SoftVoting,C4_Prev4,Soft Voting,0.8355769230769232,0.0302388176798392,0.7747163910934682,0.0411369500870097,0.795363604699206,0.0372794084031006,0.7480769230769231,0.5923213237150337,0.778781619799592,0.6687273943041245,0.630524359009579
50:50_seed456,50:50,50,456,27,28,1040,1040,Ensemble,C1_Optimal5_SoftVoting,C1_Optimal5,Soft Voting,0.8423076923076923,0.0262272724942035,0.6836755619041116,0.0437898732427884,0.7912252487523563,0.0354162052181576,0.7807692307692308,0.5923001266789562,0.7791335019402329,0.714944496404348,0.6536223115416521
70:30_seed456,70:30,70,456,38,17,1460,620,Ensemble,C1_Optimal5_HardVoting,C1_Optimal5,Hard Voting,0.8363013698630137,0.0355175127738744,0.7610239973876133,0.0655987496574421,0.792536734874043,0.0446651012749943,0.7645161290322581,0.5922986744482344,0.7933535642551446,0.6903340574380378,0.641316365943136
80:20_seed456,80:20,80,456,44,11,1680,400,Ensemble,C1_Optimal5_HardVoting,C1_Optimal5,Hard Voting,0.8434523809523811,0.0119196335681552,0.7451704316012988,0.0393140939182443,0.7996095514437764,0.0151267188379163,0.745,0.5919892006374885,0.7826412831262125,0.6716007050926037,0.6317949528650462
60:40_seed42,60:40,60,42,33,22,1280,800,Ensemble,C5_Prev5_SoftVoting,C5_Prev5,Soft Voting,0.8203125,0.0249511240979239,0.7412801868796458,0.059824812631236,0.7733923150138439,0.0301239529373116,0.74375,0.5919547317475604,0.7707643778457092,0.6623214576182544,0.6271380946829075
60:40_seed123,60:40,60,123,33,22,1220,860,Ensemble,C4_Prev4_HardVoting,C4_Prev4,Hard Voting,0.8344262295081968,0.0231257966879768,0.7399412457072583,0.0428632161746898,0.7818331580096459,0.0295603587257323,0.6825581395348838,0.5910906513077607,0.6907544051892027,0.611862030656915,0.6014763409823378
70:30_seed456,70:30,70,456,38,17,1460,620,Ensemble,C4_Prev4_SoftVoting,C4_Prev4,Soft Voting,0.8458904109589043,0.0370433350218903,0.7727598319141448,0.0627626914849878,0.8051205221673385,0.0465315475578446,0.7435483870967742,0.5909349760372098,0.7796422401702379,0.6687700340705199,0.6298525050538648
60:40_seed456,60:40,60,456,33,22,1260,820,Ensemble,C3_Optimal3_SoftVoting,C3_Optimal3,Soft Voting,0.8666666666666666,0.0196978946761759,0.7058603267701961,0.0552296258681904,0.824886944724677,0.0256848941969282,0.7646341463414634,0.5905124444122726,0.7607814342306304,0.6896552400338073,0.6400838422230399
60:40_seed456,60:40,60,456,33,22,1260,820,Ensemble,C1_Optimal5_Stacking,C1_Optimal5,Stacking,0.8396825396825397,0.0294400587158593,0.765840059032378,0.0542690682617574,0.7964869816551549,0.0359014118448599,0.6829268292682927,0.5904917404245911,0.7278927857102955,0.6074308262549968,0.5989612833397939
60:40_seed456,60:40,60,456,33,22,1260,820,Individual,XGB,,,0.8547619047619047,0.0279585951647754,0.6965044995281804,0.0549931227381789,0.8089434916200723,0.0370085893938584,0.775609756097561,0.59047889694316,0.7671405811632122,0.7031709246005359,0.646824910771848
80:20_seed456,80:20,80,456,44,11,1680,400,Individual,XGB,,,0.8613095238095237,0.0153035239668838,0.6883557848341233,0.0249498369170037,0.8183320237170939,0.0198718012192551,0.835,0.5896374523860285,0.8265808191474023,0.7763545796482667,0.6829960160171475
60:40_seed456,60:40,60,456,33,22,1260,820,Ensemble,C5_Prev5_Stacking,C5_Prev5,Stacking,0.8452380952380952,0.0275500872344599,0.7600649529133952,0.0567749671176639,0.8038256977661943,0.0340697547326531,0.7036585365853658,0.5892553551142811,0.7401608510412464,0.6306347387972551,0.6099450469557681
50:50_seed42,50:50,50,42,27,28,1040,1040,Ensemble,C3_Optimal3_Stacking,C3_Optimal3,Stacking,0.8432692307692307,0.0310235880863493,0.781523205442715,0.0628504196875203,0.8049973370263658,0.0384437093161443,0.7634615384615384,0.5883435915011352,0.7932945280445711,0.6912039473366582,0.6397737694188967
70:30_seed456,70:30,70,456,38,17,1460,620,Ensemble,C2_Alt5_HardVoting,C2_Alt5,Hard Voting,0.8356164383561644,0.036113496784833,0.7590137231714746,0.0656545338354734,0.7920803017459848,0.0452830866551128,0.7306451612903225,0.5872689225118153,0.7705782452666288,0.651457925174877,0.6193634238433461
60:40_seed456,60:40,60,456,33,22,1260,820,Ensemble,C2_Alt5_Stacking,C2_Alt5,Stacking,0.8412698412698413,0.0283945139999973,0.7678802682698834,0.0489146020425946,0.7984979225615048,0.0346086962419198,0.6804878048780488,0.586969390423322,0.726832790337828,0.6051199858840137,0.5960446881536678
50:50_seed42,50:50,50,42,27,28,1040,1040,Individual,SVM-L,,,0.835576923076923,0.0270087921253617,0.7569469974126334,0.0438926318279536,0.7953354345136239,0.0335314506311003,0.7403846153846154,0.5866079207800726,0.7715449948770843,0.6602544945499158,0.6234312076649942
50:50_seed42,50:50,50,42,27,28,1040,1040,Ensemble,C5_Prev5_SoftVoting,C5_Prev5,Soft Voting,0.8298076923076924,0.0310235880863493,0.7627937744259032,0.0546869401871084,0.7880208546381811,0.0385786288955578,0.7432692307692308,0.5865536488985804,0.7771085560357702,0.6631450230550592,0.6248493359768198
50:50_seed123,50:50,50,123,27,28,1000,1080,Ensemble,C2_Alt5_Stacking,C2_Alt5,Stacking,0.842,0.0446766158073773,0.6990015518111595,0.0449519711737079,0.7915229104142152,0.0579930215407212,0.6962962962962963,0.5860293637009185,0.7035416480195886,0.6266485106095945,0.6063389371552566
50:50_seed42,50:50,50,42,27,28,1040,1040,Individual,XGB,,,0.8173076923076923,0.0254399164525441,0.6732697170765672,0.0600430007573751,0.7645235533652143,0.0335124684212396,0.8153846153846154,0.585094828992534,0.8064991493214144,0.7484976994743995,0.6667962642334667
80:20_seed456,80:20,80,456,44,11,1680,400,Ensemble,C5_Prev5_HardVoting,C5_Prev5,Hard Voting,0.8452380952380952,0.0236602463266092,0.7389755215095348,0.0579627515343432,0.8030346750852214,0.0297659346213457,0.7125,0.5847786514686765,0.7611358648748713,0.6362313568570389,0.6105050041628577
50:50_seed42,50:50,50,42,27,28,1040,1040,Ensemble,C3_Optimal3_SoftVoting,C3_Optimal3,Soft Voting,0.8403846153846153,0.0392232270276368,0.7778086199146585,0.0614003628428322,0.8007257311834424,0.0481129462885155,0.7596153846153846,0.5847016227846336,0.7849590727207121,0.6825113837985559,0.6336065032915947
80:20_seed42,80:20,80,42,44,11,1680,400,Ensemble,C1_Optimal5_HardVoting,C1_Optimal5,Hard Voting,0.8416666666666666,0.0326242609667731,0.7544413744808018,0.0566429346846951,0.7967720999090295,0.0413945449310754,0.79,0.5843094952328814,0.8052031260652167,0.7261435138395331,0.6552265045362073
70:30_seed456,70:30,70,456,38,17,1460,620,Individual,SVM-L,,,0.8390410958904109,0.0370433350218902,0.7668381489423853,0.0674264919078874,0.796653398666755,0.0464212148501335,0.7258064516129032,0.5834887132384223,0.7630660098234797,0.6484616026015175,0.6159751579199699
60:40_seed123,60:40,60,123,33,22,1220,860,Individual,SVM-L,,,0.8475409836065575,0.024644748161267,0.748988882216907,0.0492567614889756,0.7981741879419131,0.0322115051584597,0.6802325581395349,0.583162506629393,0.6810498835360981,0.6069188923256938,0.5950406994775435
50:50_seed456,50:50,50,456,27,28,1040,1040,Ensemble,C3_Optimal3_SoftVoting,C3_Optimal3,Soft Voting,0.8528846153846154,0.0288621750380839,0.6945593996015351,0.0438058937511632,0.8047972198355599,0.0387548884219685,0.7653846153846153,0.5829994469232549,0.7633173668230311,0.694975070077843,0.6389872585005489
40:60_seed456,40:60,40,456,22,33,860,1220,Ensemble,C1_Optimal5_Stacking,C1_Optimal5,Stacking,0.8,0.0391913942938435,0.6998260656843456,0.0599843313500493,0.7457176550375155,0.0495550902799086,0.6852459016393443,0.5829144964405569,0.7172131268542906,0.6105780980104969,0.5967462972255269
80:20_seed456,80:20,80,456,44,11,1680,400,Ensemble,C5_Prev5_SoftVoting,C5_Prev5,Soft Voting,0.8476190476190476,0.0178967814028248,0.759312168395439,0.0374695456143537,0.8059205470734222,0.0221842502641759,0.7275,0.5827997248592354,0.7722165691138236,0.6526671340258747,0.617733429442555
70:30_seed42,70:30,70,42,38,17,1440,640,Ensemble,C1_Optimal5_HardVoting,C1_Optimal5,Hard Voting,0.825,0.0242161052418926,0.7437102020785911,0.0521209279882765,0.7762904186224857,0.0302594293543969,0.7625,0.5826256982906648,0.7833330644953438,0.6888175193689342,0.6357216088297994
40:60_seed123,40:60,40,123,22,33,800,1280,Ensemble,C1_Optimal5_HardVoting,C1_Optimal5,Hard Voting,0.8400000000000001,0.0343693177121688,0.7038146729328735,0.0759416603777791,0.7902058059917805,0.0446747584872766,0.70859375,0.5825722524133459,0.7144635474734455,0.6307758934026247,0.6066740729079854
50:50_seed456,50:50,50,456,27,28,1040,1040,Ensemble,C2_Alt5_SoftVoting,C2_Alt5,Soft Voting,0.823076923076923,0.0298541821081923,0.745983777324674,0.0404182350296123,0.7735389977792434,0.0376769334887067,0.7173076923076923,0.5822988684771156,0.7408270109324586,0.6412114043517902,0.6117551364144529
40:60_seed123,40:60,40,123,22,33,800,1280,Ensemble,C2_Alt5_HardVoting,C2_Alt5,Hard Voting,0.8387499999999999,0.03375,0.7034686783107522,0.0794869056472414,0.7891758319494685,0.0438202741591523,0.6984375,0.5820678349269374,0.7080870216755433,0.6200495239852966,0.601058679456117
40:60_seed42,40:60,40,42,22,33,860,1220,Ensemble,C3_Optimal3_HardVoting,C3_Optimal3,Hard Voting,0.819767441860465,0.0261304709933072,0.7451318683710223,0.0556570312345403,0.7771375162219027,0.0300869443009202,0.7114754098360656,0.5817348908772094,0.7526058249330697,0.6303790800618674,0.6060569854695383
70:30_seed456,70:30,70,456,38,17,1460,620,Ensemble,C4_Prev4_HardVoting,C4_Prev4,Hard Voting,0.8301369863013697,0.0384782791922962,0.7465690942470041,0.0664336833487874,0.7856546135927954,0.0479461872658745,0.7258064516129032,0.5817283431503487,0.7686543920469915,0.6481059821983026,0.6149171626743257
70:30_seed42,70:30,70,42,38,17,1440,640,Ensemble,C2_Alt5_SoftVoting,C2_Alt5,Soft Voting,0.8583333333333332,0.0158965599198049,0.6953341733517862,0.0540718770265655,0.813094480736436,0.0212739669956386,0.7984375,0.5811901564126124,0.7957773242285239,0.7325420170789545,0.6568660867457834
60:40_seed123,60:40,60,123,33,22,1220,860,Ensemble,C3_Optimal3_HardVoting,C3_Optimal3,Hard Voting,0.8303278688524591,0.0269496429881534,0.7326185262878473,0.0420341119648034,0.7767887886540963,0.0339910373923076,0.7034883720930233,0.5811867885886401,0.7155071991648068,0.6373066421012068,0.6092467153449235
80:20_seed42,80:20,80,42,44,11,1680,400,Ensemble,C2_Alt5_SoftVoting,C2_Alt5,Soft Voting,0.8654761904761905,0.0238392671363104,0.6884486081798411,0.0450242082987635,0.8225488290753716,0.0313843017972094,0.815,0.5808542733844103,0.806682392361751,0.7567489830299543,0.6688016282071823
70:30_seed42,70:30,70,42,38,17,1440,640,Ensemble,C1_Optimal5_SoftVoting,C1_Optimal5,Soft Voting,0.8576388888888887,0.0162119687915677,0.6930867426946944,0.0560180854962344,0.8120381540495272,0.0217006402485676,0.803125,0.5808136031303229,0.7953448763183946,0.7379674278955509,0.6593905155129369
80:20_seed456,80:20,80,456,44,11,1680,400,Individual,SVM-L,,,0.8434523809523811,0.013586562155373,0.7590135648155009,0.0399141902060796,0.8004913851430766,0.0167111860607497,0.715,0.5804883695369789,0.7577745495859598,0.6375141099222563,0.6090012397296176
40:60_seed42,40:60,40,42,22,33,860,1220,Ensemble,C3_Optimal3_SoftVoting,C3_Optimal3,Soft Voting,0.8372093023255813,0.0348837209302325,0.7790779811140385,0.0506532328549058,0.7967762926419331,0.0430756868700333,0.7311475409836066,0.5798307728507675,0.7591988009317022,0.6499000864401026,0.614865429645435
60:40_seed456,60:40,60,456,33,22,1260,820,Ensemble,C3_Optimal3_Stacking,C3_Optimal3,Stacking,0.8531746031746031,0.0270889653426603,0.7888701845420758,0.039029032484451,0.8136365778898818,0.0334777751002967,0.6951219512195121,0.5792840485054513,0.7283751723158219,0.6196032368981149,0.5994436427017831
50:50_seed42,50:50,50,42,27,28,1040,1040,Ensemble,C4_Prev4_HardVoting,C4_Prev4,Hard Voting,0.826923076923077,0.033859263195498,0.7595034123745908,0.0571150188576005,0.7849376209978659,0.0418166824816561,0.7346153846153847,0.5789253915375779,0.7690519229723374,0.6521869785803693,0.6155561850589737
70:30_seed456,70:30,70,456,38,17,1460,620,Ensemble,C3_Optimal3_HardVoting,C3_Optimal3,Hard Voting,0.8376712328767123,0.0388725030785279,0.7595865366231122,0.0687058247500562,0.7959738339554949,0.0480523054053566,0.7129032258064516,0.5788008615337551,0.7632703454532743,0.6362102043103619,0.6075055329220584
60:40_seed123,60:40,60,123,33,22,1220,860,Ensemble,C1_Optimal5_HardVoting,C1_Optimal5,Hard Voting,0.8450819672131148,0.0336864304721877,0.7477930454027445,0.0622716579061282,0.7935930713528263,0.0438328388596049,0.7034883720930233,0.5787143254389099,0.7065051518546827,0.6326350104028116,0.6056746679208607
50:50_seed123,50:50,50,123,27,28,1000,1080,Ensemble,C3_Optimal3_Stacking,C3_Optimal3,Stacking,0.841,0.0298161030317511,0.7137342949534887,0.0456541274877347,0.7908961599969874,0.0383719657591667,0.6796296296296296,0.5781735907310536,0.6864052639339758,0.6072322740545006,0.592702932392777
50:50_seed42,50:50,50,42,27,28,1040,1040,Ensemble,C1_Optimal5_HardVoting,C1_Optimal5,Hard Voting,0.8394230769230768,0.0265252196617956,0.7786715227299045,0.0535755380372162,0.7991479670928493,0.0328832564395698,0.7596153846153846,0.577866976066249,0.7889206250295278,0.6824726102094826,0.6301697931378658
70:30_seed456,70:30,70,456,38,17,1460,620,Ensemble,C5_Prev5_HardVoting,C5_Prev5,Hard Voting,0.8369863013698631,0.0315068493150684,0.7403735233074051,0.0544057545382236,0.7944432024327954,0.0391990948394855,0.7193548387096774,0.5778215409977558,0.7662232638365077,0.6421748129278777,0.6099981769628168
40:60_seed456,40:60,40,456,22,33,860,1220,Ensemble,C2_Alt5_HardVoting,C2_Alt5,Hard Voting,0.8046511627906977,0.0237163698306641,0.7216567298217591,0.0311467024960835,0.7491219233408689,0.0303091010433212,0.6967213114754098,0.5774763309378264,0.7124203067389453,0.616032391418996,0.5967543611784112
80:20_seed456,80:20,80,456,44,11,1680,400,Individual,RF,,,0.8380952380952381,0.0176174387939865,0.7309769804092248,0.0442878977841238,0.7933640085768433,0.0218580689277099,0.7275,0.577461318366504,0.7716245855469662,0.6511051005873597,0.6142832094769319
70:30_seed456,70:30,70,456,38,17,1460,620,Individual,GB,,,0.8438356164383561,0.0207297889731802,0.6759586703612183,0.0501321374187425,0.7964028053287671,0.0276224489736425,0.8274193548387097,0.5771790659176108,0.8150165500476066,0.7627664139608068,0.6699727399392088
60:40_seed456,60:40,60,456,33,22,1260,820,Ensemble,C4_Prev4_Stacking,C4_Prev4,Stacking,0.8444444444444444,0.0225038839345362,0.7603795279196314,0.0377263931671256,0.8027430482403733,0.02774997796312,0.6817073170731708,0.576891222220308,0.7235484003941864,0.6055737904318195,0.5912325063260637
50:50_seed123,50:50,50,123,27,28,1000,1080,Ensemble,C1_Optimal5_Stacking,C1_Optimal5,Stacking,0.842,0.0466476151587624,0.6987139562237255,0.0426094804508501,0.7915993012632165,0.0603141525043614,0.6944444444444444,0.576772937562808,0.702118481542467,0.6241418221317614,0.6004573798472848
80:20_seed456,80:20,80,456,44,11,1680,400,Individual,GB,,,0.851190476190476,0.0174558074983514,0.6557124440055293,0.0430860896498084,0.8039765018708247,0.0236408482555376,0.83,0.576661007804514,0.8162911290400876,0.7684002588467695,0.6725306333256418
40:60_seed456,40:60,40,456,22,33,860,1220,Ensemble,C2_Alt5_Stacking,C2_Alt5,Stacking,0.7965116279069767,0.0403640812969994,0.6931484562754988,0.062001353165048,0.741368655563678,0.0510338410113493,0.6754098360655738,0.5766364319031686,0.7054277010281613,0.5986508714506455,0.587643651676907
40:60_seed42,40:60,40,42,22,33,860,1220,Ensemble,C1_Optimal5_HardVoting,C1_Optimal5,Hard Voting,0.8337209302325581,0.0316526920670144,0.7734746928391865,0.0465753886353413,0.7929954734314963,0.0388491713593298,0.7352459016393442,0.5763701995080567,0.7639469229948785,0.6542356700752318,0.6153029347916442
60:40_seed456,60:40,60,456,33,22,1260,820,Ensemble,C2_Alt5_SoftVoting,C2_Alt5,Soft Voting,0.8412698412698412,0.0283945139999973,0.7660758664363272,0.0666930609037645,0.7973363122493623,0.0351752647129745,0.6914634146341463,0.5758826648842689,0.7309659238895295,0.6102258871184408,0.5930542760013549
50:50_seed123,50:50,50,123,27,28,1000,1080,Ensemble,C4_Prev4_Stacking,C4_Prev4,Stacking,0.841,0.0369999999999999,0.6956895107285535,0.0291213102296322,0.7910676313163353,0.0467657921176072,0.6851851851851852,0.5758563764959606,0.6982018113267585,0.6138983959749538,0.5948773862354572
50:50_seed42,50:50,50,42,27,28,1040,1040,Individual,SVM-RBF,,,0.8317307692307692,0.0269402417810036,0.756544497299667,0.0370844433735783,0.7910196029053214,0.0331159886270167,0.7125,0.5758506831401665,0.7438775398027863,0.6266242732645401,0.6012374782023533
40:60_seed42,40:60,40,42,22,33,860,1220,Ensemble,C3_Optimal3_Stacking,C3_Optimal3,Stacking,0.841860465116279,0.0353457771013271,0.7849385850603011,0.0588803121499848,0.8040283461393326,0.0426358654766419,0.7426229508196721,0.5756492482876504,0.7716326805123869,0.6672656949611269,0.6214574716243886
50:50_seed42,50:50,50,42,27,28,1040,1040,Individual,GB,,,0.8211538461538461,0.0220106214274222,0.6777098494680741,0.0430765521984675,0.7685704848405588,0.0285959175843942,0.8096153846153846,0.5755786847551548,0.8001751452634355,0.7401118962668851,0.6578452905110199
80:20_seed456,80:20,80,456,44,11,1680,400,Individual,LR,,,0.8208333333333332,0.0306359743629946,0.7446979335323101,0.049552991147766,0.7742493742801276,0.0375006639438982,0.69,0.5753553673109505,0.734711689838107,0.6091318155669558,0.5922435914389532
40:60_seed456,40:60,40,456,22,33,860,1220,Ensemble,C1_Optimal5_HardVoting,C1_Optimal5,Hard Voting,0.8023255813953488,0.031631326764501,0.7189383995829001,0.0407749817338104,0.745312075852435,0.0406402315591555,0.7,0.5751841713293436,0.7079604021604831,0.617526031048814,0.5963551011890789
80:20_seed456,80:20,80,456,44,11,1680,400,Ensemble,C3_Optimal3_HardVoting,C3_Optimal3,Hard Voting,0.8428571428571429,0.0242810453028227,0.7560593872282108,0.0360903228554261,0.800751435571476,0.0301646691172542,0.7175,0.5748515285958689,0.7633949872711383,0.6424616358171176,0.6086565822064932
40:60_seed42,40:60,40,42,22,33,860,1220,Ensemble,C4_Prev4_HardVoting,C4_Prev4,Hard Voting,0.8267441860465116,0.0251818695671019,0.7578993178646132,0.0521170320348316,0.7847646328983287,0.0302564783178496,0.7155737704918033,0.5747552000814299,0.754809629206767,0.6343140473023168,0.6045346236918734
60:40_seed42,60:40,60,42,33,22,1280,800,Ensemble,C3_Optimal3_HardVoting,C3_Optimal3,Hard Voting,0.8265625,0.0236449155475336,0.7525548510229465,0.0572413829027506,0.7816282744866719,0.028835224296265,0.73375,0.5744311119527057,0.7633765348404258,0.6508833429968715,0.6126572274747886
50:50_seed42,50:50,50,42,27,28,1040,1040,Ensemble,C3_Optimal3_HardVoting,C3_Optimal3,Hard Voting,0.825,0.0318325872254747,0.7683650033305354,0.0484199029716581,0.783206595236255,0.039182714528046,0.7259615384615384,0.5743657928289257,0.7634798754317053,0.6431095704190332,0.6087376816239795
50:50_seed456,50:50,50,456,27,28,1040,1040,Ensemble,C5_Prev5_Stacking,C5_Prev5,Stacking,0.8307692307692308,0.024019223070763,0.7398889823096186,0.0505989235818326,0.7843563382472156,0.030145834319902,0.698076923076923,0.574107956254868,0.7343849185480695,0.6244282640272985,0.5992681101410833
60:40_seed42,60:40,60,42,33,22,1280,800,Ensemble,C4_Prev4_SoftVoting,C4_Prev4,Soft Voting,0.8296875,0.0293982620659793,0.754538897509568,0.0656448856549043,0.7851276175217197,0.0358499255800379,0.735,0.5737742728540497,0.7556199123454654,0.6503719951266473,0.6120731339903485
70:30_seed42,70:30,70,42,38,17,1440,640,Ensemble,C4_Prev4_HardVoting,C4_Prev4,Hard Voting,0.8208333333333334,0.0337073919430878,0.7424818891690019,0.0575028765840981,0.7725384024860188,0.0419330726639638,0.7328125,0.5735009818627921,0.7600944569968952,0.6534219201768359,0.613461451019814
50:50_seed42,50:50,50,42,27,28,1040,1040,Ensemble,C2_Alt5_HardVoting,C2_Alt5,Hard Voting,0.835576923076923,0.025239239900782,0.7795911279008931,0.0528181507533445,0.794999230002259,0.0309611521691713,0.7490384615384615,0.5733787202352396,0.7852034579403638,0.6706256946905017,0.6220022074628706
40:60_seed456,40:60,40,456,22,33,860,1220,Ensemble,C3_Optimal3_HardVoting,C3_Optimal3,Hard Voting,0.7895348837209302,0.0296226493089697,0.6850174395998375,0.0709316920906732,0.7315190441344634,0.0375050613463446,0.6672131147540984,0.5729205581350765,0.6991630221610674,0.5854906670125652,0.5792056125738209
40:60_seed42,40:60,40,42,22,33,860,1220,Individual,SVM-RBF,,,0.8290697674418605,0.0244186046511627,0.7316830635886469,0.0586771388965423,0.7881644105884431,0.0288206440636526,0.7098360655737705,0.5728767464705057,0.7406700334823875,0.627026985013891,0.5999518657421983
50:50_seed42,50:50,50,42,27,28,1040,1040,Ensemble,C5_Prev5_Stacking,C5_Prev5,Stacking,0.835576923076923,0.0237287743831789,0.7736647811578821,0.0412052685876442,0.795935116054874,0.0284913899003792,0.7461538461538462,0.5723417563503649,0.7727474579738137,0.6671410940602822,0.6197414252053235
40:60_seed42,40:60,40,42,22,33,860,1220,Individual,SVM-L,,,0.8383720930232558,0.0286952620447745,0.778075599188081,0.0473735916815577,0.7989417059013652,0.0351806650770446,0.7180327868852459,0.5716392858624842,0.7480343301205842,0.6346058744453964,0.6031225801539404
80:20_seed456,80:20,80,456,44,11,1680,400,Individual,LGBM,,,0.780952380952381,0.0318104505140176,0.6734109051615185,0.0694444288716929,0.7241589770165202,0.039539804407204,0.6775,0.5716054429650015,0.7324070208393819,0.595176639495383,0.5833910412301923
60:40_seed42,60:40,60,42,33,22,1280,800,Ensemble,C2_Alt5_SoftVoting,C2_Alt5,Soft Voting,0.85078125,0.0216647259747844,0.6869645102791158,0.0636960996739634,0.8037547867533267,0.0285504530345432,0.79,0.5715846337109588,0.7917350584272262,0.7194295066635492,0.6455070701872541
50:50_seed123,50:50,50,123,27,28,1000,1080,Ensemble,C5_Prev5_Stacking,C5_Prev5,Stacking,0.8370000000000001,0.035227829907617,0.6939000386623132,0.0407487024050832,0.7855154199371217,0.04456615968685,0.6824074074074075,0.5712783992792115,0.6859861754857136,0.6086369485430062,0.5899576739111089
80:20_seed123,80:20,80,123,44,11,1660,420,Ensemble,C4_Prev4_HardVoting,C4_Prev4,Hard Voting,0.8349397590361447,0.0282811917935072,0.7620967910070691,0.0537623825755752,0.7844880105323565,0.0369332964492725,0.7142857142857143,0.5705556137481971,0.7508238682685119,0.6439571618299471,0.6072563877890721
40:60_seed42,40:60,40,42,22,33,860,1220,Ensemble,C4_Prev4_SoftVoting,C4_Prev4,Soft Voting,0.8313953488372092,0.0281241549359251,0.7652924576132268,0.0560348875198536,0.790616675401459,0.0335296039992335,0.7213114754098361,0.569796508292213,0.7525787164060688,0.6385011917782552,0.6041488500352341
60:40_seed123,60:40,60,123,33,22,1220,860,Ensemble,C3_Optimal3_Stacking,C3_Optimal3,Stacking,0.8483606557377049,0.0184198402083968,0.7528237041869525,0.0448160218059822,0.8007875577201518,0.0231595526262036,0.6837209302325581,0.5695935134798509,0.6953909543227185,0.6152283512488794,0.5924109323643652
40:60_seed42,40:60,40,42,22,33,860,1220,Ensemble,C5_Prev5_SoftVoting,C5_Prev5,Soft Voting,0.8174418604651162,0.0333175553067311,0.7357053440260379,0.0556655605030285,0.7734313536708942,0.0402737988614557,0.7188524590163935,0.5694525119890235,0.7524209352928557,0.6354547798755288,0.6024536459322761
40:60_seed456,40:60,40,456,22,33,860,1220,Ensemble,C2_Alt5_SoftVoting,C2_Alt5,Soft Voting,0.855813953488372,0.0304109228619116,0.6954036252052893,0.0558432733647511,0.8081982281405968,0.0402956768588895,0.7581967213114754,0.5694186374550536,0.7413458038669883,0.6838453679700834,0.6266320027125685
50:50_seed42,50:50,50,42,27,28,1040,1040,Ensemble,C2_Alt5_SoftVoting,C2_Alt5,Soft Voting,0.825,0.034077009897441,0.7663168334279435,0.0523548778034601,0.7819774741701637,0.0414679445153852,0.7355769230769231,0.5691395898681356,0.7740741963777249,0.6543238526210955,0.6117317212446156
70:30_seed456,70:30,70,456,38,17,1460,620,Ensemble,C5_Prev5_SoftVoting,C5_Prev5,Soft Voting,0.8417808219178081,0.0348508335156398,0.7476686909530627,0.062049868965661,0.8001425824484455,0.0436178335606083,0.7112903225806452,0.5686027553765352,0.7552236018891876,0.6301233810815675,0.5993630682290514
40:60_seed456,40:60,40,456,22,33,860,1220,Ensemble,C1_Optimal5_SoftVoting,C1_Optimal5,Soft Voting,0.855813953488372,0.0321401743281052,0.6883503335781904,0.0655742438037823,0.8081350001908147,0.0426622808563994,0.7598360655737705,0.5682156201263856,0.741904844604699,0.6857005441725877,0.6269580821494867
40:60_seed42,40:60,40,42,22,33,860,1220,Ensemble,C5_Prev5_HardVoting,C5_Prev5,Hard Voting,0.8255813953488371,0.0270208140433075,0.7500005892867958,0.0530237221713644,0.7839487949397965,0.0324672094382326,0.7098360655737705,0.5681626335144202,0.7505720239789919,0.6282216827643201,0.5981921581393701
40:60_seed123,40:60,40,123,22,33,800,1280,Individual,SVM-RBF,,,0.8237499999999999,0.0240117158903731,0.6808784696882852,0.0695523814108617,0.7723900538490864,0.0302396643502294,0.6671875,0.5681053065897242,0.6802654651174316,0.5872236765010909,0.5776644915454076
50:50_seed42,50:50,50,42,27,28,1040,1040,Ensemble,C1_Optimal5_SoftVoting,C1_Optimal5,Soft Voting,0.8240384615384615,0.0321935943130446,0.7660563718761668,0.0531785779672415,0.7806124283927025,0.0389080742196025,0.7346153846153847,0.5678711256228254,0.7724546656771234,0.652946041234421,0.6104085834286233
40:60_seed456,40:60,40,456,22,33,860,1220,Ensemble,C4_Prev4_SoftVoting,C4_Prev4,Soft Voting,0.8069767441860465,0.0221846325910917,0.7137921076880991,0.0554065232840278,0.752667048928242,0.0283349177513678,0.6754098360655738,0.5674224811178846,0.6954650129106306,0.5907021822947687,0.5790623317063266
40:60_seed123,40:60,40,123,22,33,800,1280,Ensemble,C3_Optimal3_HardVoting,C3_Optimal3,Hard Voting,0.8300000000000001,0.0296858552175948,0.7112353373852474,0.0603093548449572,0.7806143330464994,0.0370847738302511,0.671875,0.5673834140307628,0.6871831968501636,0.5921080185372338,0.5797457162839983
40:60_seed456,40:60,40,456,22,33,860,1220,Individual,SVM-RBF,,,0.7848837209302325,0.0266428819474176,0.6674656431840943,0.0709855260860158,0.7257189347189819,0.0337778980835237,0.659016393442623,0.5673211340902521,0.6780526845048968,0.5712434379598919,0.5692822860250719
40:60_seed123,40:60,40,123,22,33,800,1280,Ensemble,C4_Prev4_SoftVoting,C4_Prev4,Soft Voting,0.8487499999999999,0.0240117158903731,0.7154792255958677,0.0310332369416327,0.8024685458272727,0.0298969928365439,0.68515625,0.5670035372775656,0.6912791068229279,0.6039719500604207,0.5854877436689931
60:40_seed42,60:40,60,42,33,22,1280,800,Ensemble,C4_Prev4_HardVoting,C4_Prev4,Hard Voting,0.82265625,0.0286091147243758,0.7469880505495559,0.0570013077835163,0.7764908760106997,0.0348345598676973,0.72625,0.566753424657075,0.7502476353656148,0.6402227661776544,0.6034880954173647
40:60_seed42,40:60,40,42,22,33,860,1220,Ensemble,C2_Alt5_SoftVoting,C2_Alt5,Soft Voting,0.8220930232558139,0.0345135397201298,0.7714572064037334,0.0440949779349756,0.7792648774005032,0.0421521549099803,0.7245901639344262,0.5667108305301399,0.7599908865973032,0.6435304675705948,0.6051206490503673
60:40_seed42,60:40,60,42,33,22,1280,800,Ensemble,C1_Optimal5_SoftVoting,C1_Optimal5,Soft Voting,0.85,0.0193901150718607,0.6806778303837723,0.0548919875603546,0.802391225718526,0.0255911492182563,0.79,0.5666015575913069,0.7880412802095448,0.7187749132156959,0.6426882354035014
60:40_seed123,60:40,60,123,33,22,1220,860,Ensemble,C1_Optimal5_Stacking,C1_Optimal5,Stacking,0.8360655737704917,0.0347757433370433,0.7382067598169638,0.0558445040558693,0.785174807842574,0.0437375171420883,0.6848837209302325,0.566590156067374,0.7025384776385416,0.6183348617843574,0.5924625089258657
60:40_seed42,60:40,60,42,33,22,1280,800,Ensemble,C4_Prev4_Stacking,C4_Prev4,Stacking,0.8234375,0.0284271959354066,0.7326417704425247,0.0601172435578433,0.7784140487173001,0.0342161219383523,0.74,0.5665810957176237,0.7686993235316021,0.6619754932232587,0.6142782944704412
40:60_seed42,40:60,40,42,22,33,860,1220,Ensemble,C1_Optimal5_SoftVoting,C1_Optimal5,Soft Voting,0.8209302325581396,0.0364753189333909,0.7671878142526684,0.0490147088728852,0.7776092068923516,0.0449326603401626,0.7270491803278688,0.5665796428104486,0.76173593086137,0.6463454125709033,0.6064625276906759
60:40_seed123,60:40,60,123,33,22,1220,860,Ensemble,C4_Prev4_Stacking,C4_Prev4,Stacking,0.8450819672131147,0.0291992018533719,0.744558521327714,0.0559255467258006,0.7969335520984566,0.0366856088615855,0.686046511627907,0.5662794648718912,0.7033642772884208,0.6185256558746557,0.5924025603732734
70:30_seed42,70:30,70,42,38,17,1440,640,Ensemble,C5_Prev5_HardVoting,C5_Prev5,Hard Voting,0.83125,0.0269046814275145,0.7601612835714269,0.054017767516095,0.7860005175140137,0.0333291353143068,0.728125,0.5660219601276715,0.7558494027914185,0.6487886108605563,0.6074052854941139
50:50_seed123,50:50,50,123,27,28,1000,1080,Individual,SVM-RBF,,,0.8280000000000001,0.0278567765543682,0.6955961317473744,0.0629539449780278,0.7735294325889435,0.0359727379350075,0.6703703703703704,0.5659928420867282,0.6729038913328597,0.5927709643833469,0.5793819032350376
60:40_seed42,60:40,60,42,33,22,1280,800,Individual,RF,,,0.81484375,0.0281792012451116,0.7223254328916286,0.0610987516021064,0.7657264729250673,0.0349975563201199,0.7175,0.5655867893774161,0.7484891826462136,0.6299237741225017,0.597755281749959
50:50_seed456,50:50,50,456,27,28,1040,1040,Ensemble,C4_Prev4_SoftVoting,C4_Prev4,Soft Voting,0.8288461538461538,0.0303456419962682,0.7394938455348365,0.0444750847453067,0.7807585134299505,0.038614353978312,0.6730769230769231,0.5655213565719975,0.7029982579634272,0.5887181288535868,0.5771197427127921
40:60_seed123,40:60,40,123,22,33,800,1280,Ensemble,C5_Prev5_Stacking,C5_Prev5,Stacking,0.8537500000000001,0.0429571006935989,0.7157693851283822,0.0488840259566917,0.8104087343980272,0.0543665826166335,0.67890625,0.5648240113954562,0.6843182550236191,0.5989510276270049,0.5818875195112305
50:50_seed123,50:50,50,123,27,28,1000,1080,Ensemble,C3_Optimal3_HardVoting,C3_Optimal3,Hard Voting,0.8470000000000001,0.0357910603363465,0.7192121755698498,0.0308294450578554,0.7975409918471973,0.0457524895534758,0.662962962962963,0.5639943073136863,0.6663581637203748,0.5831048886975315,0.5735495980056089
60:40_seed42,60:40,60,42,33,22,1280,800,Individual,GB,,,0.834375,0.015148999554426,0.6512510068146657,0.0505080412680192,0.7799806781820807,0.0209498790581174,0.785,0.5636937269849823,0.7770809293986229,0.7111610235311404,0.6374273752580614
40:60_seed456,40:60,40,456,22,33,860,1220,Individual,LR,,,0.7674418604651162,0.031631326764501,0.6641721266853057,0.0624545913996213,0.7063583480055543,0.0388806622812435,0.6459016393442623,0.5632195063948189,0.6814620438500038,0.5624016101070084,0.5628105582509136
50:50_seed42,50:50,50,42,27,28,1040,1040,Individual,RF,,,0.8288461538461538,0.028458939590286,0.7681512322030286,0.0544322504461915,0.7864187518095882,0.0349549446845787,0.7182692307692308,0.5630637703198069,0.7537154951439018,0.6297821726362955,0.5964229714780512
60:40_seed42,60:40,60,42,33,22,1280,800,Individual,SVM-L,,,0.8296875,0.0253876200144873,0.7472665787570583,0.0609359439996303,0.784864553843775,0.0312872523715746,0.7225,0.5629218551134184,0.7415079914331405,0.6345423342373746,0.5987320946753965
50:50_seed456,50:50,50,456,27,28,1040,1040,Ensemble,C4_Prev4_Stacking,C4_Prev4,Stacking,0.835576923076923,0.0273489666410151,0.7486602950587055,0.0409310923355429,0.7903840941442827,0.034467306161919,0.6884615384615385,0.5621054683632211,0.7301560828773502,0.613848995888207,0.587977232125714
60:40_seed123,60:40,60,123,33,22,1220,860,Ensemble,C4_Prev4_SoftVoting,C4_Prev4,Soft Voting,0.8459016393442622,0.0299601096434378,0.752207826909957,0.0522291474652404,0.7956858830488349,0.0388232919120673,0.6883720930232559,0.5620568743753857,0.6895232292181719,0.6164171081165195,0.5892369912459525
40:60_seed456,40:60,40,456,22,33,860,1220,Individual,SVM-L,,,0.791860465116279,0.0235159865304147,0.6853640989273265,0.0575048453516858,0.7335266361256031,0.0299651574113603,0.6688524590163935,0.5615344193775009,0.688556076259424,0.5817585353063071,0.571646477341904
50:50_seed456,50:50,50,456,27,28,1040,1040,Ensemble,C3_Optimal3_Stacking,C3_Optimal3,Stacking,0.8326923076923076,0.0244011106547106,0.7622946569262128,0.0478453490217173,0.7867794544964232,0.030901525513413,0.6807692307692308,0.5610775386218801,0.7142616960473174,0.6039849246346427,0.5825312316282614
40:60_seed42,40:60,40,42,22,33,860,1220,Ensemble,C2_Alt5_HardVoting,C2_Alt5,Hard Voting,0.8313953488372092,0.0313090977158982,0.7745272972290449,0.0427183153931118,0.7904262524054317,0.0382285872434485,0.7163934426229508,0.5609104306283845,0.7511112339133155,0.6323287962365354,0.59661961343246
60:40_seed123,60:40,60,123,33,22,1220,860,Ensemble,C2_Alt5_Stacking,C2_Alt5,Stacking,0.8401639344262295,0.0291531463012766,0.7452923987842736,0.0564120240791695,0.7903672210272344,0.037035377865454,0.6802325581395349,0.5606242002977181,0.6969349064278679,0.6125821522412902,0.5866031762695041
40:60_seed42,40:60,40,42,22,33,860,1220,Individual,GB,,,0.8081395348837208,0.0266428819474176,0.6883193810755095,0.035356233588149,0.754412200586888,0.0341495142305527,0.8,0.5605568905754751,0.7913592311211848,0.7293424498108816,0.6449496701931783
70:30_seed42,70:30,70,42,38,17,1440,640,Ensemble,C3_Optimal3_Stacking,C3_Optimal3,Stacking,0.8340277777777777,0.0197520314629554,0.751793797718318,0.0282032333478264,0.7899290433591317,0.0245304716327525,0.7515625,0.5605004268691823,0.7795223549667954,0.67983991995998,0.6201701734145812
60:40_seed456,60:40,60,456,33,22,1260,820,Ensemble,C1_Optimal5_HardVoting,C1_Optimal5,Hard Voting,0.838095238095238,0.0235969345195532,0.7505579209478432,0.0642355982168536,0.7926907667899008,0.0293884952549532,0.6926829268292682,0.5602417148098096,0.7228689891424148,0.6070489306231424,0.583645322716476
40:60_seed123,40:60,40,123,22,33,800,1280,Ensemble,C5_Prev5_SoftVoting,C5_Prev5,Soft Voting,0.8412499999999999,0.0335643039552438,0.7015147959145961,0.0510312115700416,0.7937430397287729,0.0427120770837065,0.68515625,0.560060236221114,0.6876986604363643,0.603168558739654,0.581614397480384
50:50_seed42,50:50,50,42,27,28,1040,1040,Ensemble,C2_Alt5_Stacking,C2_Alt5,Stacking,0.8288461538461538,0.0274670324174724,0.7572818112846055,0.0419828718863653,0.7877138009379591,0.0330274133093011,0.7375,0.5598084484515263,0.7729500039823516,0.6585936588750378,0.6092010536632821
40:60_seed456,40:60,40,456,22,33,860,1220,Individual,XGB,,,0.8348837209302324,0.0315457208517454,0.6530189253584245,0.0470885280093102,0.7792428822642263,0.0419672163635574,0.75,0.559635402255968,0.7279908959461757,0.6721551241070389,0.6158952631815034
50:50_seed42,50:50,50,42,27,28,1040,1040,Ensemble,C1_Optimal5_Stacking,C1_Optimal5,Stacking,0.8317307692307694,0.0301776054355292,0.7620540527254238,0.0389290969120375,0.7913000527328332,0.0362818822926947,0.7375,0.559330029964248,0.7734284874220032,0.6586556379768446,0.6089928339705463
40:60_seed42,40:60,40,42,22,33,860,1220,Individual,RF,,,0.8151162790697674,0.0373000347263847,0.7361851202308816,0.0650270102549749,0.7699739962456936,0.045600256554681,0.7139344262295082,0.5589993404204002,0.7490348849057147,0.6283176261492316,0.593658483284816
60:40_seed42,60:40,60,42,33,22,1280,800,Individual,SVM-RBF,,,0.83203125,0.0210358000278691,0.7514542160271511,0.0506479743217417,0.788604211854303,0.0256386793832236,0.70125,0.5589330049066068,0.7238815567888266,0.6081774513500664,0.5835552281283366
60:40_seed123,60:40,60,123,33,22,1220,860,Individual,SVM-RBF,,,0.8311475409836067,0.0302724349387203,0.7254946361236284,0.0605770955528743,0.7774350923998784,0.0381937168940943,0.6755813953488372,0.5584758454684322,0.6765901281455619,0.6015728523557914,0.5800243489121117
40:60_seed456,40:60,40,456,22,33,860,1220,Ensemble,C5_Prev5_SoftVoting,C5_Prev5,Soft Voting,0.7965116279069767,0.0333986200380117,0.6962562820777272,0.0630901476112445,0.739617676544815,0.0428605141837312,0.6680327868852459,0.5582003375921164,0.6830749040417863,0.5814907264748408,0.5698455320334785
70:30_seed42,70:30,70,42,38,17,1440,640,Ensemble,C4_Prev4_SoftVoting,C4_Prev4,Soft Voting,0.8340277777777778,0.0287083702897144,0.7525193976566369,0.0546368558757206,0.7890432938417329,0.0360291611167923,0.715625,0.557905066719611,0.7405539242434468,0.6312301930279458,0.5945676298737784
80:20_seed42,80:20,80,42,44,11,1680,400,Ensemble,C2_Alt5_HardVoting,C2_Alt5,Hard Voting,0.8375,0.0352197909344928,0.7511211543046944,0.0565172132985982,0.7920162921337406,0.0444118636803513,0.765,0.5576484839613981,0.7804432556678412,0.6948151034057335,0.6262317936835657
70:30_seed42,70:30,70,42,38,17,1440,640,Individual,SVM-L,,,0.8347222222222221,0.0236111111111111,0.7491141310443737,0.046544448847988,0.7898660827108297,0.029439029877306,0.715625,0.557543494558956,0.740432572466771,0.6326502292782309,0.5950968619185935
40:60_seed456,40:60,40,456,22,33,860,1220,Ensemble,C5_Prev5_HardVoting,C5_Prev5,Hard Voting,0.7906976744186046,0.0180138760288716,0.6890398217786456,0.061793259524245,0.7334113768108097,0.0227062812252094,0.6647540983606557,0.5571198238727924,0.691433307619249,0.5803695923114573,0.5687447080921249
70:30_seed456,70:30,70,456,38,17,1460,620,Individual,LR,,,0.8205479452054794,0.033386459197134,0.7500788421346749,0.0554034506167232,0.7753721629395363,0.0407519871945763,0.6806451612903226,0.5569607455378043,0.7310003835962215,0.5977561372006763,0.5773584413692403
50:50_seed123,50:50,50,123,27,28,1000,1080,Ensemble,C4_Prev4_HardVoting,C4_Prev4,Hard Voting,0.8390000000000001,0.0356230262611137,0.6938388338830882,0.0237085028911164,0.7865594355649511,0.045051222983571,0.6694444444444444,0.556957764363176,0.6731353055114477,0.591020179562465,0.5739889719628205
80:20_seed456,80:20,80,456,44,11,1680,400,Individual,SVM-RBF,,,0.8428571428571427,0.0168779129509021,0.7313645103335882,0.0527233659774187,0.800370797089237,0.0211893811353209,0.69,0.5565342970521542,0.7399758890415141,0.609375,0.582954648526077
40:60_seed123,40:60,40,123,22,33,800,1280,Ensemble,C4_Prev4_HardVoting,C4_Prev4,Hard Voting,0.8412499999999999,0.02375,0.7220608873471943,0.0563348794206612,0.7942427131337266,0.0302181151238156,0.67421875,0.5563468899419388,0.6851669118546739,0.5928340128841305,0.5745904514130347
50:50_seed456,50:50,50,456,27,28,1040,1040,Individual,XGB,,,0.8432692307692307,0.0319051154289174,0.6836107932462692,0.0561911522478238,0.7911862499623166,0.0435216831154758,0.760576923076923,0.5561743164394992,0.7502317640628581,0.6869476916381572,0.6215610040388282
50:50_seed456,50:50,50,456,27,28,1040,1040,Individual,GB,,,0.8326923076923076,0.0322366434889234,0.6360493053017068,0.0620530832931876,0.7763591159057042,0.0437855291577974,0.7548076923076923,0.5561345134259514,0.7384270083952186,0.6763548673689554,0.6162446903974534
60:40_seed456,60:40,60,456,33,22,1260,820,Individual,GB,,,0.8476190476190476,0.0193754851043392,0.6635060255636177,0.0652165550489513,0.7988316898135013,0.0261417846183256,0.7646341463414634,0.5561186406719627,0.7507167803124969,0.6854628422425033,0.620790741457233
40:60_seed456,40:60,40,456,22,33,860,1220,Ensemble,C3_Optimal3_SoftVoting,C3_Optimal3,Soft Voting,0.8476744186046512,0.0305218715079225,0.6707376430149612,0.0512902013889028,0.7970092557229469,0.0407071975215369,0.7442622950819672,0.5560857894983209,0.7296435351341714,0.6656345117468014,0.6108601506225612
40:60_seed42,40:60,40,42,22,33,860,1220,Ensemble,C4_Prev4_Stacking,C4_Prev4,Stacking,0.8267441860465116,0.0190711854265775,0.7719740508164208,0.0460476655202834,0.7855983864037805,0.0234406008409371,0.7229508196721312,0.556018280572009,0.7600583616348726,0.64354682834821,0.5997825544601094
40:60_seed123,40:60,40,123,22,33,800,1280,Ensemble,C4_Prev4_Stacking,C4_Prev4,Stacking,0.8412499999999999,0.0311498394859427,0.6917050729916873,0.0306103888057543,0.7944087435699605,0.0392862970035558,0.6765625,0.5557428956996937,0.6892917860641565,0.5981414649424079,0.5769421803210508
40:60_seed42,40:60,40,42,22,33,860,1220,Ensemble,C1_Optimal5_Stacking,C1_Optimal5,Stacking,0.813953488372093,0.0444301701733553,0.7408471611870993,0.068302512882285,0.7692495582407088,0.0537284886731791,0.7254098360655737,0.5556530136386743,0.7602074165797792,0.6453663780948009,0.6005096958667375
70:30_seed42,70:30,70,42,38,17,1440,640,Ensemble,C2_Alt5_HardVoting,C2_Alt5,Hard Voting,0.8243055555555557,0.0256192593690232,0.7416866549149259,0.057651106784844,0.7763091529111695,0.0319864730138904,0.7421875,0.5553458897664029,0.7676001488542954,0.6639586058100793,0.6096522477882411
40:60_seed123,40:60,40,123,22,33,800,1280,Ensemble,C5_Prev5_HardVoting,C5_Prev5,Hard Voting,0.8300000000000001,0.0291547594742265,0.7190477912791834,0.0538119752035906,0.7806020738000818,0.0364288989514806,0.68203125,0.5551859052639337,0.6932513961450923,0.6019453454210648,0.5785656253424993
50:50_seed42,50:50,50,42,27,28,1040,1040,Ensemble,C4_Prev4_Stacking,C4_Prev4,Stacking,0.8336538461538462,0.0282142322136946,0.7669811729178847,0.0474804221985623,0.7938466609154519,0.0342040313387548,0.7240384615384615,0.5539988085372923,0.7555804977477604,0.6399087466416375,0.5969537775894649
40:60_seed42,40:60,40,42,22,33,860,1220,Ensemble,C2_Alt5_Stacking,C2_Alt5,Stacking,0.8186046511627907,0.0386354598275259,0.7482564867827795,0.0663107751087821,0.7749596499366296,0.0467995823893836,0.7229508196721312,0.5538314512147672,0.7563128793969625,0.6419267667470181,0.5978791089808926
60:40_seed42,60:40,60,42,33,22,1280,800,Individual,XGB,,,0.83984375,0.0153292319299598,0.6516920918593231,0.0508495815499639,0.7884336061788754,0.0200187962743523,0.78625,0.5532195059702382,0.7794451749393044,0.712565791547165,0.6328926487587017
50:50_seed123,50:50,50,123,27,28,1000,1080,Ensemble,C5_Prev5_HardVoting,C5_Prev5,Hard Voting,0.8379999999999999,0.0278567765543682,0.7100826984682247,0.038679069078486,0.7863551432139746,0.0356102392532783,0.675,0.5531701174746425,0.6739950661057479,0.5961403856418255,0.5746552515582339
50:50_seed456,50:50,50,456,27,28,1040,1040,Ensemble,C2_Alt5_Stacking,C2_Alt5,Stacking,0.8288461538461538,0.0294174202707276,0.7565997593546657,0.0535627562827544,0.7821660089187445,0.0369059046412841,0.6625,0.552691215581597,0.7034070152961204,0.5840265464540154,0.5683588810178062
50:50_seed456,50:50,50,456,27,28,1040,1040,Ensemble,C1_Optimal5_Stacking,C1_Optimal5,Stacking,0.8278846153846153,0.0314380437005227,0.7513234637770119,0.0541247327753271,0.7809220600934557,0.039341871966281,0.6653846153846154,0.5525090191701028,0.7071050313797894,0.586536857762373,0.5695229384662379
70:30_seed42,70:30,70,42,38,17,1440,640,Ensemble,C5_Prev5_SoftVoting,C5_Prev5,Soft Voting,0.8326388888888889,0.0184910096606865,0.755782988567989,0.0535757539466574,0.7875294479437231,0.022779175531761,0.725,0.5523051604696688,0.7494976462766259,0.6424921446027867,0.5973986525362278
80:20_seed42,80:20,80,42,44,11,1680,400,Individual,RF,,,0.8321428571428571,0.0259185012584252,0.744855271064833,0.0472722689769087,0.7852476271386164,0.0321342802245236,0.735,0.5514875837824292,0.7609633248050821,0.6581224147523403,0.6048049992673847
60:40_seed456,60:40,60,456,33,22,1260,820,Ensemble,C4_Prev4_SoftVoting,C4_Prev4,Soft Voting,0.8373015873015872,0.0198412698412698,0.7538087727117282,0.0539843205083741,0.7925953949079642,0.0240832174499796,0.6487804878048781,0.5513636942532381,0.6798475883357886,0.5571773053368986,0.5542704997950683
70:30_seed42,70:30,70,42,38,17,1440,640,Ensemble,C5_Prev5_Stacking,C5_Prev5,Stacking,0.8243055555555555,0.0263614623556976,0.7303777642687002,0.0564886465301671,0.7779668400229733,0.0328153374370801,0.7453125,0.5509342757992908,0.7736083749177952,0.6721301170739373,0.611532196436614
60:40_seed42,60:40,60,42,33,22,1280,800,Ensemble,C2_Alt5_HardVoting,C2_Alt5,Hard Voting,0.8296875,0.0256269054169636,0.7623753940248861,0.0615024046123227,0.7846910014219087,0.0312410016216329,0.74,0.550710376152544,0.7625134883223444,0.6572690273360906,0.6039897017443173
60:40_seed42,60:40,60,42,33,22,1280,800,Individual,LR,,,0.8046875,0.0256744948830546,0.7326832844917084,0.0588649991414005,0.7557510462275097,0.0306796209941521,0.71125,0.5506231521475018,0.7405300037696619,0.6230571533472036,0.5868401527473527
60:40_seed42,60:40,60,42,33,22,1280,800,Individual,CNB,,,0.79609375,0.019902717504464,0.7148229474319187,0.0420791484750449,0.7426464363580731,0.0239079729523791,0.71875,0.5497735035423866,0.7280357968202332,0.622405611891706,0.5860895577170463
60:40_seed456,60:40,60,456,33,22,1260,820,Ensemble,C2_Alt5_HardVoting,C2_Alt5,Hard Voting,0.8365079365079364,0.0241248954818582,0.7498378984406939,0.0667191816197568,0.7912308498138676,0.029817359642344,0.6792682926829269,0.5497191435758798,0.7170121812904823,0.5930820553073299,0.5714005994416049
60:40_seed123,60:40,60,123,33,22,1220,860,Ensemble,C5_Prev5_HardVoting,C5_Prev5,Hard Voting,0.8368852459016394,0.0230238883691608,0.7425625426781184,0.0464178357551883,0.785115464835228,0.0295297878901854,0.6837209302325581,0.5496784295551328,0.6899040980318581,0.6125689829935804,0.5811237062743566
50:50_seed456,50:50,50,456,27,28,1040,1040,Ensemble,C2_Alt5_HardVoting,C2_Alt5,Hard Voting,0.8240384615384615,0.0294958877888037,0.7408618919678147,0.0504560113086835,0.7743082399643364,0.0377370895919784,0.6865384615384615,0.5496370431169895,0.7188419303724011,0.6039182929607412,0.5767776680388653
40:60_seed456,40:60,40,456,22,33,860,1220,Individual,RF,,,0.7872093023255814,0.0324957874708886,0.6702793436759558,0.0770280797467966,0.7263100998876457,0.0419163808020459,0.6745901639344263,0.5491827838722606,0.6857574453674966,0.590067989095338,0.5696253864837992
80:20_seed42,80:20,80,42,44,11,1680,400,Individual,SVM-L,,,0.8392857142857142,0.0327110277715097,0.743361170107238,0.0534708292789883,0.7948788950301603,0.0411691694879338,0.71,0.548908660158681,0.7278144814966194,0.6262796298235299,0.5875941449911055
40:60_seed456,40:60,40,456,22,33,860,1220,Ensemble,C4_Prev4_HardVoting,C4_Prev4,Hard Voting,0.7906976744186046,0.0324749768459742,0.6829502502773344,0.0592781174194753,0.7323762463577635,0.0413926251410579,0.6524590163934426,0.5481970043973513,0.6786262493951862,0.56419357529262,0.5561952898449857
70:30_seed456,70:30,70,456,38,17,1460,620,Individual,RF,,,0.8280821917808219,0.0337567713160318,0.7228275563520491,0.0571825288190934,0.7822967279929973,0.0420301723119944,0.7096774193548387,0.548049700281477,0.7497647005863243,0.6238092348765245,0.5859294675790008
80:20_seed123,80:20,80,123,44,11,1660,420,Ensemble,C1_Optimal5_SoftVoting,C1_Optimal5,Soft Voting,0.8626506024096384,0.0186260540165545,0.6940218907834218,0.0447323459750119,0.8143850959649953,0.0252360970648104,0.7690476190476191,0.5478942436124432,0.7685666930300981,0.7056337112262372,0.6267639774193402
60:40_seed123,60:40,60,123,33,22,1220,860,Ensemble,C5_Prev5_Stacking,C5_Prev5,Stacking,0.8385245901639344,0.0288752704160795,0.7397431150457179,0.0598675522091644,0.7879625369075371,0.0372938978968153,0.6697674418604651,0.5478820554001121,0.6791508604885858,0.5974705115506384,0.5726762834753752
50:50_seed123,50:50,50,123,27,28,1000,1080,Individual,RF,,,0.836,0.0400499687890015,0.6879775359892737,0.0411024684730462,0.7808593798760699,0.0514328928216147,0.6731481481481482,0.5472609048253232,0.671474382702558,0.5927079727702781,0.5699844387978006
70:30_seed42,70:30,70,42,38,17,1440,640,Individual,GB,,,0.8375,0.0128800256881884,0.659863979800386,0.0527102118126394,0.7838805876499426,0.0170147419273026,0.7984375,0.5462047847670378,0.7869053397748336,0.7311370985863204,0.6386709416766791
80:20_seed42,80:20,80,42,44,11,1680,400,Ensemble,C5_Prev5_Stacking,C5_Prev5,Stacking,0.8440476190476189,0.024513405097588,0.7575362809079007,0.0442402165254776,0.8018649184184825,0.0300732863019963,0.7575,0.5456253012657833,0.7819208300346396,0.6884159807267617,0.6170206409962725
70:30_seed42,70:30,70,42,38,17,1440,640,Ensemble,C3_Optimal3_HardVoting,C3_Optimal3,Hard Voting,0.826388888888889,0.0279508497187473,0.7486191602723002,0.0569669606663921,0.7801615960760929,0.0348268020470423,0.7171875,0.5455934392008684,0.7466271155577672,0.6353551855804129,0.5904743123906406
80:20_seed42,80:20,80,42,44,11,1680,400,Ensemble,C5_Prev5_SoftVoting,C5_Prev5,Soft Voting,0.8464285714285713,0.0316988737040341,0.7693568229984612,0.047390376524457,0.8043334804330957,0.0394448236761104,0.7525,0.5451685587673032,0.7594901962886422,0.6752581123967756,0.6102133355820394
70:30_seed42,70:30,70,42,38,17,1440,640,Individual,RF,,,0.8256944444444445,0.029042393981009,0.7510634102596305,0.0457475098642108,0.7781971082144274,0.0360592310932637,0.70625,0.5449322292457398,0.7399614808558954,0.6205756956532708,0.5827539624495053
50:50_seed456,50:50,50,456,27,28,1040,1040,Ensemble,C5_Prev5_SoftVoting,C5_Prev5,Soft Voting,0.8288461538461538,0.0238647570115208,0.7534580937535595,0.0392359642521939,0.7812039134733544,0.0301600760039986,0.6528846153846154,0.5449265244932576,0.6810076643128935,0.5640410505560962,0.5544837875246769
40:60_seed42,40:60,40,42,22,33,860,1220,Individual,LR,,,0.805813953488372,0.0333175553067311,0.746759173187289,0.0417175644985805,0.761409230789347,0.0382881189030387,0.6778688524590164,0.5444652281843572,0.71520266997316,0.5898994806385615,0.5671823544114594
60:40_seed123,60:40,60,123,33,22,1220,860,Ensemble,C1_Optimal5_SoftVoting,C1_Optimal5,Soft Voting,0.8754098360655739,0.0306254781840481,0.7027474981942763,0.0689980621447091,0.830197630318259,0.0414531534874191,0.7418604651162791,0.5432966909099991,0.7190208287885365,0.6714665271678529,0.607381609038926
70:30_seed123,70:30,70,123,38,17,1420,660,Individual,XGB,,,0.854225352112676,0.0194269214424418,0.6755506970321072,0.0592492172892856,0.7993945909403524,0.0270535372131595,0.7560606060606061,0.5432861075617857,0.7467574375584588,0.6896947467709389,0.6164904271663623
40:60_seed123,40:60,40,123,22,33,800,1280,Ensemble,C2_Alt5_SoftVoting,C2_Alt5,Soft Voting,0.8699999999999999,0.0426468052730799,0.7588085796827874,0.0825930655407232,0.8261009647284896,0.0566068292498096,0.75234375,0.5431237125369355,0.7274921427907856,0.6758864676050218,0.6095050900709786
70:30_seed42,70:30,70,42,38,17,1440,640,Individual,LR,,,0.8006944444444445,0.0297964416012846,0.7261997281813881,0.0600077981398095,0.7493842104027127,0.037135914377459,0.703125,0.5430459717326501,0.7340932166194298,0.6190500059523436,0.5810479888424969
60:40_seed123,60:40,60,123,33,22,1220,860,Ensemble,C2_Alt5_SoftVoting,C2_Alt5,Soft Voting,0.8754098360655739,0.0306254781840481,0.7031098878717345,0.0686321994550054,0.8303058187594397,0.0413726035661303,0.7430232558139535,0.5426332688547416,0.7208375383362452,0.6732343030052954,0.6079337859300185
50:50_seed456,50:50,50,456,27,28,1040,1040,Ensemble,C1_Optimal5_HardVoting,C1_Optimal5,Hard Voting,0.8221153846153847,0.0339274591622641,0.7445221790342826,0.0582025970870777,0.771106895562618,0.0440648821704971,0.6913461538461538,0.5426085631392239,0.7163275736188576,0.6077731043071646,0.5751908337231942
50:50_seed123,50:50,50,123,27,28,1000,1080,Individual,DT,,,0.8039999999999999,0.0397994974842647,0.6599302278064137,0.0547733337625143,0.7423431319687877,0.050484026371067,0.6462962962962963,0.5418433214092057,0.6576295090126844,0.566586299815629,0.5542148106124174
60:40_seed42,60:40,60,42,33,22,1280,800,Ensemble,C2_Alt5_Stacking,C2_Alt5,Stacking,0.82578125,0.0203874817979685,0.7337779111937935,0.0429486677994506,0.7811320158260033,0.024244664629845,0.72,0.5418092604706582,0.7497976173329627,0.6355968220463923,0.5887030412585252
40:60_seed123,40:60,40,123,22,33,800,1280,Ensemble,C1_Optimal5_SoftVoting,C1_Optimal5,Soft Voting,0.8699999999999999,0.0426468052730799,0.7588085796827874,0.0825930655407232,0.8261009647284896,0.0566068292498096,0.75234375,0.541794964302724,0.7263476378845576,0.6755822385752994,0.6086886014390117
50:50_seed42,50:50,50,42,27,28,1040,1040,Individual,LR,,,0.8057692307692307,0.0359260417159027,0.7499192305634701,0.064233098801212,0.76045054666827,0.0436137038796865,0.6865384615384615,0.5414549386139162,0.717226350988346,0.5946587345519236,0.5680568365829199
50:50_seed456,50:50,50,456,27,28,1040,1040,Ensemble,C5_Prev5_HardVoting,C5_Prev5,Hard Voting,0.8192307692307692,0.0326923076923076,0.7308957615325412,0.0347971207752413,0.7697091190007186,0.0409974045956393,0.6586538461538461,0.5406888924935224,0.6943325656580362,0.5729402347671992,0.5568145636303607
80:20_seed123,80:20,80,123,44,11,1660,420,Ensemble,C2_Alt5_SoftVoting,C2_Alt5,Soft Voting,0.8644578313253012,0.0205615038143084,0.6987970778603381,0.0439403663933815,0.8170413294544101,0.0278620071103117,0.7619047619047619,0.540301800976591,0.7618192085872704,0.6967092958600818,0.6185055484183364
50:50_seed123,50:50,50,123,27,28,1000,1080,Individual,LR,,,0.8240000000000001,0.03104834939252,0.6795251405906769,0.0300247583962696,0.7695074491300735,0.0387597613387603,0.6416666666666667,0.5401279764396302,0.6473264424760741,0.5606562615627838,0.550392119001207
60:40_seed123,60:40,60,123,33,22,1220,860,Individual,LR,,,0.8065573770491803,0.0220551213886454,0.7089352003011365,0.0418230005775375,0.7482904755843985,0.0265679617933849,0.6441860465116279,0.5398150732759668,0.646214140437902,0.5693617829037478,0.5545884280898573
60:40_seed456,60:40,60,456,33,22,1260,820,Ensemble,C3_Optimal3_HardVoting,C3_Optimal3,Hard Voting,0.8285714285714285,0.0201405992705547,0.74293971823866,0.053218166461172,0.7826642415052769,0.0244018384933751,0.6329268292682927,0.5392663684784099,0.6766446069386639,0.5414841483033688,0.5403752583908894
60:40_seed456,60:40,60,456,33,22,1260,820,Individual,SVM-L,,,0.8333333333333333,0.0197617453936329,0.746229998536627,0.0515868218198246,0.7875738459397286,0.0240660074783285,0.6378048780487805,0.538437715125576,0.6657241490374705,0.5431883405548366,0.5408130278402064
40:60_seed123,40:60,40,123,22,33,800,1280,Individual,RF,,,0.8400000000000001,0.0229128784747792,0.7139188132573853,0.0708831415141242,0.7915455353645069,0.0298121515120851,0.67734375,0.5381005633484108,0.6828502663820302,0.592142194735437,0.5651213790419239
70:30_seed42,70:30,70,42,38,17,1440,640,Individual,SVM-RBF,,,0.8354166666666668,0.0301184006141686,0.7551930481493419,0.0640742512883735,0.7915111413196657,0.0380201253517179,0.7046875,0.5375304262244354,0.7279739001331776,0.6186500792902654,0.5780902527573504
70:30_seed42,70:30,70,42,38,17,1440,640,Ensemble,C4_Prev4_Stacking,C4_Prev4,Stacking,0.8312499999999998,0.0232509292260878,0.7371884031223874,0.0470458989296032,0.7866697547632658,0.0290214687120324,0.715625,0.5374963223888892,0.7530440930855512,0.6367050193218784,0.5871006708553839
50:50_seed456,50:50,50,456,27,28,1040,1040,Ensemble,C3_Optimal3_HardVoting,C3_Optimal3,Hard Voting,0.8182692307692306,0.0293072127964003,0.728775785114296,0.0355803923409781,0.7684295673561441,0.0371042460757441,0.65,0.5357474530570381,0.6902551058993166,0.5641285737807034,0.5499380134188707
40:60_seed123,40:60,40,123,22,33,800,1280,Individual,SVM-L,,,0.8450000000000001,0.0269258240356725,0.7180711774721724,0.0553229557764257,0.7987246175763001,0.0337046194046448,0.65234375,0.5347724463239233,0.6708066610121276,0.5695785103607953,0.5521754783423594
70:30_seed42,70:30,70,42,38,17,1440,640,Individual,CNB,,,0.7916666666666667,0.0313655271962117,0.7099338843311751,0.0595299135691616,0.7341387858942234,0.0400332004435446,0.6953125,0.5346466842767489,0.7099943616538102,0.6002370389352467,0.5674418616059977
70:30_seed123,70:30,70,123,38,17,1420,660,Ensemble,C2_Alt5_HardVoting,C2_Alt5,Hard Voting,0.8464788732394366,0.0183098591549295,0.7594431028146966,0.0573389902669961,0.7948617246422924,0.0230932565697393,0.6681818181818182,0.5345989698472616,0.7074919940989114,0.5974567420564965,0.566027855951879
70:30_seed123,70:30,70,123,38,17,1420,660,Ensemble,C3_Optimal3_Stacking,C3_Optimal3,Stacking,0.856338028169014,0.019208706615473,0.7760975719253163,0.0522850392426512,0.8101223454023995,0.0245662695294844,0.6590909090909091,0.5344819247967433,0.6948675019333788,0.5886403802791151,0.5615611525379292
70:30_seed456,70:30,70,456,38,17,1460,620,Individual,DT,,,0.7924657534246575,0.0280821917808219,0.7005904035964743,0.0597229169529686,0.7389875056822509,0.0340362994699173,0.6612903225806451,0.5342796433093178,0.709799628186736,0.5713636692850135,0.5528216562971656
60:40_seed123,60:40,60,123,33,22,1220,860,Ensemble,C3_Optimal3_SoftVoting,C3_Optimal3,Soft Voting,0.8770491803278688,0.016798279944196,0.7007395816813408,0.0413260449125075,0.8323950377122393,0.022601639776248,0.7313953488372092,0.5342718357721151,0.7137424142769343,0.6585166289647206,0.5963942323684179
70:30_seed42,70:30,70,42,38,17,1440,640,Ensemble,C2_Alt5_Stacking,C2_Alt5,Stacking,0.8173611111111111,0.0201388888888888,0.7141216735839451,0.043007435495425,0.7692743017757678,0.0252540536042572,0.721875,0.5339750469236744,0.7557868193287126,0.6427877107935055,0.5883813788585899
40:60_seed123,40:60,40,123,22,33,800,1280,Ensemble,C3_Optimal3_SoftVoting,C3_Optimal3,Soft Voting,0.8800000000000001,0.0367423461417476,0.7949252292094855,0.0639729699968226,0.839850899625062,0.0479433814856849,0.73984375,0.5338177358535791,0.7183430028279446,0.6606028948763969,0.5972103153649879
60:40_seed456,60:40,60,456,33,22,1260,820,Ensemble,C4_Prev4_HardVoting,C4_Prev4,Hard Voting,0.8325396825396825,0.0171876252600854,0.7499199364737212,0.0539138835183874,0.7867518142246338,0.0205707325638047,0.6365853658536585,0.5338033362801711,0.66969081962568,0.5427746000026196,0.5382889681413954
80:20_seed123,80:20,80,123,44,11,1660,420,Ensemble,C4_Prev4_SoftVoting,C4_Prev4,Soft Voting,0.846987951807229,0.0233623125658618,0.7699581649046305,0.0613499393999508,0.7996849163006998,0.03049923821033,0.7071428571428572,0.533562375903193,0.7424622177457199,0.6349219810040705,0.5842421784536318
80:20_seed42,80:20,80,42,44,11,1680,400,Ensemble,C5_Prev5_HardVoting,C5_Prev5,Hard Voting,0.8386904761904761,0.0341367879974753,0.7615745733749898,0.056815591581043,0.7946087158788278,0.0419674137173538,0.715,0.533258457083023,0.7315649507810715,0.6319612590799031,0.582609858081463
80:20_seed123,80:20,80,123,44,11,1660,420,Ensemble,C4_Prev4_Stacking,C4_Prev4,Stacking,0.8397590361445785,0.0210757297404046,0.7459340352384396,0.0445301080580663,0.7919478243017032,0.0270432404574565,0.6928571428571428,0.5331600277322615,0.7379068066928216,0.6202957460228468,0.576727886877554
60:40_seed123,60:40,60,123,33,22,1220,860,Individual,RF,,,0.8360655737704917,0.0335965598883921,0.7366011089551546,0.0604631194632652,0.7828289106670596,0.043471699973122,0.6686046511627907,0.5325816558172384,0.6781506266086529,0.5935424491928061,0.5630620525050223
70:30_seed42,70:30,70,42,38,17,1440,640,Individual,XGB,,,0.8451388888888889,0.0191571030890746,0.6766219554254709,0.0254571549658594,0.795000667799924,0.0256859354153587,0.784375,0.5317619912101497,0.7747177681707441,0.7127178930043294,0.6222399421072395
70:30_seed123,70:30,70,123,38,17,1420,660,Ensemble,C2_Alt5_Stacking,C2_Alt5,Stacking,0.8528169014084508,0.0192731439202873,0.7613063571549492,0.0589341133191306,0.8051799212893795,0.0249242450672355,0.656060606060606,0.5316779633516144,0.7031483769105191,0.5884314684277323,0.5600547158896734
80:20_seed456,80:20,80,456,44,11,1680,400,Individual,DT,,,0.8035714285714285,0.0236602463266092,0.6972033355444724,0.0499210185584213,0.7505467663089572,0.0293968150489419,0.68,0.5315904259958505,0.7329165533330353,0.5977246299380873,0.5646575279669689
50:50_seed456,50:50,50,456,27,28,1040,1040,Individual,LR,,,0.8038461538461539,0.0410656855847358,0.7225518334973889,0.0440253248328476,0.7519337302764397,0.0502105866648913,0.6259615384615385,0.5311602602063793,0.6708113176612209,0.5387926710261111,0.5349764656162452
70:30_seed123,70:30,70,123,38,17,1420,660,Ensemble,C3_Optimal3_SoftVoting,C3_Optimal3,Soft Voting,0.8577464788732394,0.021079759925487,0.7154688825053326,0.0498325382895397,0.807064175665673,0.0273290869186984,0.7303030303030303,0.5300965033481804,0.7298178659687427,0.6595276046949717,0.594812054021576
50:50_seed456,50:50,50,456,27,28,1040,1040,Individual,SVM-L,,,0.8096153846153846,0.028458939590286,0.7082140233248658,0.0373537582865361,0.7561183876018638,0.0364850987393425,0.6461538461538462,0.529695090203452,0.6729265550461117,0.5540085278156184,0.5418518090095352
80:20_seed123,80:20,80,123,44,11,1660,420,Individual,XGB,,,0.8566265060240964,0.0206583472282918,0.6781115696183758,0.0623512463876902,0.8052496376553215,0.0284664831560394,0.7523809523809524,0.5293838986486957,0.7509655611466797,0.6847620559749426,0.6070729773118191
60:40_seed42,60:40,60,42,33,22,1280,800,Ensemble,C1_Optimal5_Stacking,C1_Optimal5,Stacking,0.8234375,0.020131404260508,0.7276305562513258,0.041608881656546,0.7782139150621497,0.0240477192677008,0.70625,0.5291962822652123,0.7372311076943295,0.6190136506598358,0.5741049664625241
50:50_seed42,50:50,50,42,27,28,1040,1040,Individual,CNB,,,0.8086538461538462,0.0293072127964003,0.7538550107278013,0.0463786054770706,0.7614292708584507,0.0359584985533982,0.6894230769230769,0.5290283735015632,0.698157568661068,0.5853556175475845,0.5571919955245739
50:50_seed456,50:50,50,456,27,28,1040,1040,Individual,SVM-RBF,,,0.8076923076923077,0.0324652750310271,0.7001262846550806,0.0617261854356274,0.7553882526796492,0.0407210496088124,0.6471153846153846,0.528888125395381,0.6751761243480287,0.5569449071532132,0.542916516274297
40:60_seed456,40:60,40,456,22,33,860,1220,Individual,CNB,,,0.777906976744186,0.0305218715079225,0.6676580707896533,0.0640233019947043,0.7157591950298906,0.0390108884496214,0.6467213114754098,0.5277814364963389,0.6527360326871701,0.5480052126134243,0.5378933245548816
60:40_seed123,60:40,60,123,33,22,1220,860,Individual,XGB,,,0.8631147540983607,0.0231983142591555,0.6793069774828897,0.0430680482303754,0.8126116551906601,0.031275908535888,0.7406976744186047,0.527311031227968,0.7176706332968102,0.6693733298853547,0.5983421805566613
70:30_seed456,70:30,70,456,38,17,1460,620,Individual,SVM-RBF,,,0.8349315068493152,0.0366870184680604,0.7418293408289227,0.0568701489842054,0.7921130637858474,0.0454692555460293,0.6758064516129032,0.5267818530242382,0.7238700791688281,0.5892009493670887,0.5579914011956635
60:40_seed123,60:40,60,123,33,22,1220,860,Ensemble,C5_Prev5_SoftVoting,C5_Prev5,Soft Voting,0.8442622950819672,0.0355401367027521,0.7517397716037391,0.0566547442582703,0.7945899562708163,0.0458052384264087,0.6651162790697674,0.526230947022907,0.6688967098930348,0.5884682038185658,0.5573495754207364
40:60_seed123,40:60,40,123,22,33,800,1280,Individual,XGB,,,0.8637499999999999,0.03420983045851,0.7641400100243642,0.0739664056635301,0.8168335827762627,0.0457681977863305,0.7453125,0.5259585073994837,0.7168814544904338,0.665174469874288,0.5955664886368859
40:60_seed123,40:60,40,123,22,33,800,1280,Individual,LR,,,0.8012500000000001,0.0308474066981326,0.6811723840002213,0.0437589537256694,0.7472562841497041,0.0373068761793489,0.63671875,0.5256928755062324,0.654636235543782,0.5533342338691521,0.5395135546876924
80:20_seed123,80:20,80,123,44,11,1660,420,Individual,LR,,,0.8138554216867471,0.0267309731714865,0.7405130507335945,0.0514772597224476,0.7591277524915736,0.034030413423477,0.6785714285714286,0.5251002375518594,0.7122271858516831,0.601627215816875,0.5633637266843672
50:50_seed456,50:50,50,456,27,28,1040,1040,Ensemble,C4_Prev4_HardVoting,C4_Prev4,Hard Voting,0.8192307692307692,0.0312463015562921,0.7299862253031387,0.0362889117334646,0.7687956011872425,0.0401744269700786,0.6403846153846153,0.5245562641520273,0.672299409574809,0.5478492148739195,0.5362027395129734
70:30_seed123,70:30,70,123,38,17,1420,660,Ensemble,C1_Optimal5_HardVoting,C1_Optimal5,Hard Voting,0.8507042253521127,0.0206038575187715,0.7597533873620084,0.0638041729511346,0.7997279145630697,0.0264278318445728,0.6727272727272727,0.5245313398905754,0.7008484919864028,0.598541276523845,0.5615363082072102
50:50_seed456,50:50,50,456,27,28,1040,1040,Individual,RF,,,0.8076923076923077,0.0318906229841865,0.692724432442252,0.0472722041255524,0.7528934435709511,0.0408755785833236,0.6432692307692308,0.5239565822519282,0.6768148383510683,0.5524105609948495,0.5381835716233889
60:40_seed42,60:40,60,42,33,22,1280,800,Individual,DT,,,0.790625,0.0236449155475336,0.7068065645457519,0.0335903143713437,0.7359833459051652,0.0286177753200412,0.7025,0.5239102277414488,0.7369623189882105,0.6126640939208199,0.5682871608311344
50:50_seed123,50:50,50,123,27,28,1000,1080,Individual,XGB,,,0.8799999999999999,0.0219089023002066,0.7550315078011043,0.0821533529741436,0.8347126495590385,0.0306763620940354,0.7203703703703703,0.5238509107501551,0.6941067903847231,0.6410692649601244,0.5824600878551398
60:40_seed456,60:40,60,456,33,22,1260,820,Ensemble,C5_Prev5_HardVoting,C5_Prev5,Hard Voting,0.8317460317460317,0.0206349206349206,0.7343492560155382,0.0619428444253533,0.7862163254786387,0.0250897218143891,0.6402439024390244,0.5237592258116772,0.6801123337322069,0.5494127837125481,0.5365860047621127
60:40_seed456,60:40,60,456,33,22,1260,820,Individual,SVM-RBF,,,0.8277777777777777,0.0184598465866873,0.7266342534074852,0.0595849304820856,0.7812843327584481,0.0227565391783012,0.6365853658536585,0.5229582942499043,0.664015850026661,0.5420127747623475,0.5324855345061259
70:30_seed123,70:30,70,123,38,17,1420,660,Ensemble,C5_Prev5_Stacking,C5_Prev5,Stacking,0.85,0.0209025663093744,0.7628416314688247,0.056817630504597,0.8017662033313705,0.0265797746082263,0.646969696969697,0.5215636694191642,0.6804368797187079,0.5731285860613076,0.5473461277402358
70:30_seed123,70:30,70,123,38,17,1420,660,Ensemble,C1_Optimal5_Stacking,C1_Optimal5,Stacking,0.8514084507042252,0.0187514464164709,0.7608246607874458,0.0613177839119809,0.8031884487663049,0.0242205882025492,0.6530303030303031,0.5209077559961984,0.7000689576366189,0.5847026367563172,0.5528051963762578
80:20_seed123,80:20,80,123,44,11,1660,420,Ensemble,C3_Optimal3_Stacking,C3_Optimal3,Stacking,0.8463855421686748,0.0181224204295076,0.7600396184440485,0.0507634500141313,0.7998386392860489,0.0237539525735765,0.7023809523809523,0.5206943363803982,0.7336044434036358,0.6301983545587737,0.575446345469586
50:50_seed42,50:50,50,42,27,28,1040,1040,Individual,DT,,,0.8,0.0326923076923076,0.7274010845570017,0.0544429314194214,0.7510895034821029,0.0399344295090038,0.6961538461538461,0.5203030487834953,0.7337433986240876,0.6047577240856776,0.5625303864345865
80:20_seed456,80:20,80,456,44,11,1680,400,Individual,CNB,,,0.8011904761904761,0.0186718894539977,0.7056071156394306,0.0401245219421832,0.7450032844884524,0.02428148956055,0.6525,0.5197465873106217,0.6841903547584174,0.5500380363530422,0.534892311831832
60:40_seed123,60:40,60,123,33,22,1220,860,Individual,DT,,,0.8098360655737705,0.039104460465169,0.7005993223837638,0.0518682327133606,0.7501161722089404,0.050528782844072,0.6186046511627907,0.518608198984493,0.6364978928473138,0.5388905780541471,0.52874938851932
40:60_seed42,40:60,40,42,22,33,860,1220,Individual,CNB,,,0.8127906976744186,0.0223364798980215,0.7446296975428184,0.0357051751848018,0.7668633421423143,0.0272859693419107,0.6745901639344263,0.5183447949106629,0.6888711245380879,0.572297630832295,0.5453212128714789
40:60_seed456,40:60,40,456,22,33,860,1220,Individual,GB,,,0.8279069767441861,0.0274182002850037,0.6224879694155475,0.0629075950462472,0.7695428916112659,0.037449822260097,0.7319672131147541,0.5181898907491019,0.7059925077587992,0.6445747173543116,0.5813823040517068
50:50_seed42,50:50,50,42,27,28,1040,1040,Individual,LGBM,,,0.7307692307692307,0.0387011765336502,0.6547649831148477,0.0580799173346603,0.670424941044475,0.0467215558028513,0.6538461538461539,0.518050609934181,0.6930450222880928,0.55558035104879,0.5368154804914855
40:60_seed42,40:60,40,42,22,33,860,1220,Individual,DT,,,0.8,0.0359526158924193,0.745593867000075,0.0425505156717189,0.75222986170372,0.0424890837538258,0.6844262295081968,0.5174834400887744,0.7209853428858645,0.5943423847002218,0.5559129123944981
70:30_seed456,70:30,70,456,38,17,1460,620,Individual,LGBM,,,0.773972602739726,0.0248847974309383,0.6779458656009105,0.0608844407286312,0.717700601210802,0.030350968866309,0.6016129032258064,0.5174082125775978,0.6387492556307982,0.5067780179007952,0.5120931152391965
60:40_seed123,60:40,60,123,33,22,1220,860,Individual,GB,,,0.8655737704918034,0.0187631526922288,0.6903375272812042,0.0630079331898222,0.8153052108732657,0.0252884832095959,0.727906976744186,0.5173762877728871,0.6988272275708005,0.6508407997834671,0.5841085437781771
60:40_seed456,60:40,60,456,33,22,1260,820,Ensemble,C5_Prev5_SoftVoting,C5_Prev5,Soft Voting,0.8412698412698412,0.021295885499998,0.7600917384492205,0.0557395130148036,0.7977287183671826,0.0262724883322441,0.625609756097561,0.5171417208333989,0.6607662612167065,0.5298103664356248,0.5234760436345118
80:20_seed123,80:20,80,123,44,11,1660,420,Ensemble,C5_Prev5_Stacking,C5_Prev5,Stacking,0.8397590361445785,0.0262860532882788,0.7550098516483806,0.050860608537189,0.7918645641351284,0.0337268501410952,0.7,0.5167794014031067,0.7341805075848594,0.6273029466448814,0.5720411740239941
80:20_seed42,80:20,80,42,44,11,1680,400,Ensemble,C4_Prev4_HardVoting,C4_Prev4,Hard Voting,0.830952380952381,0.0354354192050886,0.7419850502004632,0.052072418017448,0.7844192703766567,0.0441083093601425,0.6925,0.5164365171355898,0.7082029926913295,0.6024403054422044,0.559438411288897
50:50_seed123,50:50,50,123,27,28,1000,1080,Ensemble,C1_Optimal5_SoftVoting,C1_Optimal5,Soft Voting,0.889,0.027,0.7595779110948411,0.0736045625586898,0.847708593340507,0.0374824315283672,0.7203703703703703,0.5160890971336567,0.6926501491696189,0.6413057105591347,0.5786974038463957
60:40_seed456,60:40,60,456,33,22,1260,820,Individual,LR,,,0.8142857142857143,0.0159521835255887,0.7387773286731947,0.045563750050425,0.7658526204058215,0.0193790800749124,0.5951219512195122,0.5156312924098014,0.6417821719323823,0.5009715144627341,0.5083014034362678
70:30_seed123,70:30,70,123,38,17,1420,660,Ensemble,C4_Prev4_HardVoting,C4_Prev4,Hard Voting,0.843661971830986,0.0274196089210306,0.7633554781868446,0.0724963800281064,0.7924598675919104,0.0344975337360626,0.6378787878787879,0.5154976978068576,0.6673448672277156,0.5628981619776268,0.5391979298922422
50:50_seed123,50:50,50,123,27,28,1000,1080,Ensemble,C2_Alt5_SoftVoting,C2_Alt5,Soft Voting,0.8880000000000001,0.024,0.7735063928230398,0.0666207666887686,0.8464203948473413,0.0332380254252496,0.7194444444444444,0.5146723121078273,0.6917890506266388,0.6401955372987618,0.5774339247032945
80:20_seed42,80:20,80,42,44,11,1680,400,Individual,DT,,,0.8125,0.034426175573622,0.7049929051636176,0.0582961365568194,0.761178512482212,0.0429488142162572,0.71,0.5146552974801898,0.7470560879100953,0.6307320101230363,0.572693653801613
80:20_seed123,80:20,80,123,44,11,1660,420,Individual,SVM-L,,,0.8427710843373493,0.0195110057116887,0.7591143764230225,0.0531777081491188,0.7941414788046076,0.0257351709877974,0.6880952380952381,0.5145235764125536,0.71228208484484,0.60776765473288,0.5611456155727168
70:30_seed123,70:30,70,123,38,17,1420,660,Individual,SVM-L,,,0.8514084507042254,0.0323407394456479,0.7581940909288137,0.077844971135544,0.8022053945450601,0.0417543214857524,0.6196969696969697,0.5144407445457571,0.6457194506806244,0.538859815165349,0.526650279855553
70:30_seed123,70:30,70,123,38,17,1420,660,Individual,GB,,,0.852112676056338,0.0180918768713593,0.6757998557575524,0.0814086726570545,0.79593098806529,0.025443956148916,0.759090909090909,0.5143509664102496,0.7437314346762078,0.6908592251743225,0.602605095792286
40:60_seed456,40:60,40,456,22,33,860,1220,Individual,DT,,,0.7802325581395348,0.0318230981009395,0.6868424605259007,0.0508862644785996,0.7193938564744682,0.040480249201209,0.6368852459016393,0.514097567989563,0.6583730551573388,0.546327922162409,0.5302127450759859
70:30_seed123,70:30,70,123,38,17,1420,660,Ensemble,C4_Prev4_Stacking,C4_Prev4,Stacking,0.8507042253521128,0.0224470104936749,0.7610781026491054,0.0613859384633504,0.8026984232227553,0.0287895228313303,0.6409090909090909,0.5139605797861535,0.685244144094192,0.5694621442117402,0.5417113619989469
60:40_seed456,60:40,60,456,33,22,1260,820,Individual,RF,,,0.8293650793650793,0.0230705426249978,0.727238542749342,0.0685717880033648,0.7821782201601774,0.0283771963519207,0.6304878048780488,0.5137802215722388,0.6683390332098311,0.5344776222872163,0.5241289219297276
80:20_seed42,80:20,80,42,44,11,1680,400,Ensemble,C4_Prev4_SoftVoting,C4_Prev4,Soft Voting,0.8422619047619048,0.0318605325977919,0.7577188500474497,0.0514838224050606,0.7985217780807143,0.039692221532858,0.7125,0.5137015886029527,0.7261214598985372,0.6267778760415736,0.5702397323222632
70:30_seed123,70:30,70,123,38,17,1420,660,Ensemble,C3_Optimal3_HardVoting,C3_Optimal3,Hard Voting,0.85,0.0285276466204634,0.7684606418452887,0.0733297679301103,0.8011758779352206,0.0365062822743084,0.6530303030303031,0.5130663779634228,0.6942873196468816,0.5822634719615707,0.5476649249624967
80:20_seed123,80:20,80,123,44,11,1660,420,Ensemble,C5_Prev5_HardVoting,C5_Prev5,Hard Voting,0.8397590361445783,0.0290408934775757,0.7739079374963945,0.0522252689933482,0.7908012186441575,0.0378475323442514,0.7166666666666667,0.5130504599714625,0.7499654781451494,0.6469665826110911,0.5800085212912768
40:60_seed123,40:60,40,123,22,33,800,1280,Individual,DT,,,0.80625,0.0411741727300015,0.6583798772587457,0.0816568050921662,0.7486881452791326,0.0533818251046209,0.61953125,0.5130298746135974,0.6414323957180879,0.5298525811497554,0.5214412278816765
60:40_seed42,60:40,60,42,33,22,1280,800,Individual,LGBM,,,0.73515625,0.0321073790438039,0.6440432527739266,0.0672064335632018,0.6716093451881168,0.0376507143337379,0.68125,0.51288442987152,0.715599365102214,0.5864074008746267,0.5496459153730734
80:20_seed123,80:20,80,123,44,11,1660,420,Ensemble,C1_Optimal5_Stacking,C1_Optimal5,Stacking,0.8367469879518072,0.020596772285878,0.7368738367011142,0.0569736200515315,0.7876389738769422,0.0261917156784005,0.7095238095238096,0.5110064361174064,0.7547173744954341,0.6413623192463289,0.5761843776818676
80:20_seed42,80:20,80,42,44,11,1680,400,Ensemble,C3_Optimal3_Stacking,C3_Optimal3,Stacking,0.851190476190476,0.0338815463589469,0.7650996252536622,0.0580707857196623,0.8108389359061257,0.0418356994591819,0.7225,0.5105651500585056,0.7391766826519733,0.6436740098711929,0.5771195799648492
80:20_seed123,80:20,80,123,44,11,1660,420,Ensemble,C3_Optimal3_HardVoting,C3_Optimal3,Hard Voting,0.8379518072289155,0.0265948675357158,0.7543216236891312,0.0733505185057148,0.788606791585363,0.0347224761575994,0.7142857142857143,0.5102790805103142,0.7545237633868305,0.6457290670865434,0.5780040737984289
70:30_seed123,70:30,70,123,38,17,1420,660,Individual,LR,,,0.8253521126760563,0.0303389566599126,0.7480100304508612,0.0740949377545471,0.7710047828347121,0.0380903555372198,0.6212121212121212,0.5095759762711577,0.6594927730061267,0.5471921798717319,0.5283840780714448
50:50_seed123,50:50,50,123,27,28,1000,1080,Ensemble,C2_Alt5_HardVoting,C2_Alt5,Hard Voting,0.8889999999999999,0.0207123151772079,0.7903233910281278,0.060254671853832,0.8479475563002424,0.0288134036785483,0.7083333333333334,0.509154821171953,0.6808021945088248,0.6260753630707105,0.5676150921213318
80:20_seed123,80:20,80,123,44,11,1660,420,Ensemble,C2_Alt5_Stacking,C2_Alt5,Stacking,0.8373493975903615,0.0206934506473706,0.7391613819669578,0.0580085942439651,0.788454788911056,0.0264132908275285,0.680952380952381,0.5085728572563477,0.721985356286283,0.6065876300190136,0.5575802436376807
70:30_seed456,70:30,70,456,38,17,1460,620,Individual,CNB,,,0.7945205479452054,0.0336941750034214,0.7112438886740529,0.0560140255889201,0.7391465115491116,0.0419093249987914,0.6758064516129032,0.5082813747703133,0.6989019663537615,0.5780399274047188,0.543160651087516
70:30_seed42,70:30,70,42,38,17,1440,640,Ensemble,C1_Optimal5_Stacking,C1_Optimal5,Stacking,0.8215277777777776,0.0191571030890746,0.7186059662443048,0.0371561253340942,0.774512528046967,0.0235471716939928,0.6953125,0.5082549330566775,0.7304572696191907,0.6107153106167418,0.5594851218367096
40:60_seed123,40:60,40,123,22,33,800,1280,Individual,CNB,,,0.7925,0.0415331193145903,0.6549119880317203,0.0467672453958489,0.7292216201836548,0.0532828009226274,0.62890625,0.5079976927344102,0.6211134234705675,0.5245862414632735,0.5162919670988418
50:50_seed123,50:50,50,123,27,28,1000,1080,Ensemble,C4_Prev4_SoftVoting,C4_Prev4,Soft Voting,0.8940000000000001,0.01113552872566,0.7992866620093297,0.0501027854431426,0.8555716269565373,0.0155060028509096,0.6962962962962963,0.5070449965629054,0.6729720112045923,0.6119958816184363,0.5595204390906708
50:50_seed123,50:50,50,123,27,28,1000,1080,Ensemble,C1_Optimal5_HardVoting,C1_Optimal5,Hard Voting,0.8920000000000001,0.0183303027798233,0.796329999347069,0.0574243568498724,0.851732185413334,0.0256259173238279,0.7138888888888889,0.5070336597371277,0.6863791345933271,0.6326194960902797,0.5698265779137037
80:20_seed123,80:20,80,123,44,11,1660,420,Ensemble,C3_Optimal3_SoftVoting,C3_Optimal3,Soft Voting,0.8680722891566264,0.0234011139753675,0.7051330364842524,0.0504390269199275,0.8219529940466922,0.0318161633212098,0.75,0.5070236348980622,0.7520735999977907,0.6832169640548229,0.5951202994764426
70:30_seed123,70:30,70,123,38,17,1420,660,Ensemble,C4_Prev4_SoftVoting,C4_Prev4,Soft Voting,0.8549295774647888,0.0242319021606834,0.7721158682626446,0.0685444716960443,0.8065455975753268,0.0315497618790578,0.6227272727272727,0.5062231566425724,0.64912656920029,0.5438687061292122,0.5250459313858924
40:60_seed123,40:60,40,123,22,33,800,1280,Individual,GB,,,0.8712499999999999,0.0268386381919798,0.7794525577831716,0.0638898441970032,0.8267886111073409,0.0362066378656129,0.73203125,0.5061904041691248,0.7012007261959405,0.6459737415472844,0.5760820728582046
70:30_seed123,70:30,70,123,38,17,1420,660,Ensemble,C5_Prev5_HardVoting,C5_Prev5,Hard Voting,0.8514084507042254,0.0234518673314742,0.7637380761392917,0.0661252908584337,0.8023514861235072,0.0297463788502578,0.6454545454545455,0.5054644929762968,0.675375091570738,0.5720235769451396,0.5387440349607182
80:20_seed123,80:20,80,123,44,11,1660,420,Ensemble,C5_Prev5_SoftVoting,C5_Prev5,Soft Voting,0.8403614457831325,0.0342102912397606,0.7567633636308448,0.0792608413810763,0.7910892433184109,0.0449469189489007,0.7023809523809523,0.5049810026112338,0.7366394563539063,0.6309885290148448,0.5679847658130392
70:30_seed42,70:30,70,42,38,17,1440,640,Individual,LGBM,,,0.7590277777777779,0.0250481788845436,0.6786657662077042,0.0545229248919946,0.6984468338844144,0.0307369665192417,0.69375,0.5045194725848294,0.7284895459283844,0.6068142993715423,0.5556668859781859
70:30_seed42,70:30,70,42,38,17,1440,640,Individual,DT,,,0.7965277777777777,0.0224059247290301,0.7041884770952549,0.0507905037463446,0.7420079023862564,0.0270567288736869,0.6921875,0.5039078738291434,0.7267490674971445,0.6039392463913802,0.5539235601102618
50:50_seed123,50:50,50,123,27,28,1000,1080,Individual,GB,,,0.8779999999999999,0.0231516738055804,0.7743096290616597,0.0675301742113177,0.8314721761042788,0.0327755903707,0.7203703703703703,0.5029516058723794,0.687247385820945,0.6386623327417393,0.5708069693070594
60:40_seed456,60:40,60,456,33,22,1260,820,Individual,CNB,,,0.803968253968254,0.0191301123701491,0.7165031139383226,0.0518911854481454,0.7490726640635019,0.0233858943134841,0.6317073170731707,0.5018527065270637,0.6382911784994035,0.5252682874461796,0.5135604969866217
70:30_seed123,70:30,70,123,38,17,1420,660,Individual,SVM-RBF,,,0.845774647887324,0.0294514417835584,0.7524866634417733,0.0716784138135461,0.7951601816901226,0.0380945661247133,0.6424242424242425,0.5011059351153929,0.6637768803422238,0.5664457514411448,0.5337758432782689
80:20_seed42,80:20,80,42,44,11,1680,400,Individual,CNB,,,0.7952380952380953,0.0425251692845041,0.6961745107801043,0.0579284182752447,0.7372794360963731,0.0534733606307943,0.6875,0.5010907509856253,0.6920647840824975,0.59137306821618,0.5462319096009026
50:50_seed123,50:50,50,123,27,28,1000,1080,Ensemble,C3_Optimal3_SoftVoting,C3_Optimal3,Soft Voting,0.889,0.0211896201004171,0.7799320005989252,0.0596358789099853,0.8481936169046203,0.0291890946559851,0.6972222222222222,0.5008438466231847,0.6748161820252367,0.6127415019918876,0.5567926743075362
80:20_seed42,80:20,80,42,44,11,1680,400,Individual,LR,,,0.8148809523809524,0.0316597289213623,0.7320220855552024,0.0500138462778609,0.7658835816990093,0.0388613641641674,0.685,0.5000991997273837,0.7071568527490707,0.5961959090799838,0.5481475544036838
60:40_seed456,60:40,60,456,33,22,1260,820,Individual,DT,,,0.8134920634920635,0.0315968718053878,0.729936472238325,0.0735593067149154,0.7627969953583478,0.0385648000225211,0.5939024390243902,0.4989702092713445,0.6465315196698376,0.4983189108747174,0.49864456007303093
80:20_seed42,80:20,80,42,44,11,1680,400,Ensemble,C4_Prev4_Stacking,C4_Prev4,Stacking,0.8464285714285715,0.0280204816569995,0.7549251873216043,0.0444203844382446,0.8048872896632651,0.0345209884872955,0.7075,0.4975999792937804,0.7233602641487874,0.622528895090456,0.5600644371921182
50:50_seed123,50:50,50,123,27,28,1000,1080,Individual,SVM-L,,,0.891,0.0122065556157337,0.7991876526985443,0.0456262025092748,0.8521071083991851,0.0167963904823166,0.687962962962963,0.4965416287764698,0.6709344024561293,0.6038578041514605,0.5501997164639651
50:50_seed456,50:50,50,456,27,28,1040,1040,Individual,DT,,,0.8,0.0274670324174724,0.7145688948266964,0.0399440446671467,0.7449572710811712,0.0340085093713485,0.6173076923076923,0.4963212995592484,0.6631612228083004,0.5257686839141498,0.511044991736699
80:20_seed123,80:20,80,123,44,11,1660,420,Ensemble,C2_Alt5_HardVoting,C2_Alt5,Hard Voting,0.8463855421686748,0.0321316514532399,0.7682827486342773,0.0619553621006673,0.7982841555132886,0.0421640345967874,0.6952380952380952,0.4958153947741678,0.7253466107116467,0.6212243977707477,0.5585198962724578
80:20_seed123,80:20,80,123,44,11,1660,420,Ensemble,C1_Optimal5_HardVoting,C1_Optimal5,Hard Voting,0.85,0.0298116699558038,0.7759449935291828,0.0617252195661087,0.8024610045004238,0.0393480284562187,0.7023809523809523,0.4950754597426514,0.7168512270603135,0.6263690904044465,0.560722275073549
80:20_seed123,80:20,80,123,44,11,1660,420,Individual,DT,,,0.8060240963855421,0.0236095396894764,0.6999043585471019,0.0523154522395164,0.747093003614801,0.0312141420144008,0.6761904761904762,0.4949363972687092,0.718830868541081,0.600402955003358,0.5476696761360336
50:50_seed123,50:50,50,123,27,28,1000,1080,Ensemble,C5_Prev5_SoftVoting,C5_Prev5,Soft Voting,0.884,0.0200997512422418,0.7261056540982809,0.0680232566602417,0.8432480203225344,0.0275433965686937,0.687962962962963,0.4948330363804422,0.6695011612724295,0.6020237784122284,0.5484284073963352
70:30_seed123,70:30,70,123,38,17,1420,660,Ensemble,C1_Optimal5_SoftVoting,C1_Optimal5,Soft Voting,0.8492957746478874,0.0175915436574602,0.7671515783306717,0.0513619371144151,0.7985331507641333,0.0223321133048493,0.6333333333333333,0.4939103212708368,0.6684998317331821,0.556160729172456,0.5250355252216463
80:20_seed42,80:20,80,42,44,11,1680,400,Ensemble,C1_Optimal5_Stacking,C1_Optimal5,Stacking,0.8351190476190476,0.0357192456873273,0.731788279618834,0.0534589902592473,0.7905334872996094,0.0441073011453502,0.68,0.4938361341345541,0.7063397670361656,0.5935249799541127,0.5436805570443334
80:20_seed42,80:20,80,42,44,11,1680,400,Ensemble,C3_Optimal3_HardVoting,C3_Optimal3,Hard Voting,0.8386904761904763,0.0331895282367872,0.7524118053541524,0.0665670665767603,0.7948155609667711,0.0410539315108021,0.7075,0.4918972168944847,0.7266468101977371,0.6244010882737698,0.5581491525841272
80:20_seed42,80:20,80,42,44,11,1680,400,Ensemble,C2_Alt5_Stacking,C2_Alt5,Stacking,0.8333333333333333,0.0338815463589469,0.7294130171577979,0.0486429452304782,0.7884310904795195,0.0416547666359584,0.685,0.4907014368854877,0.7109110206801361,0.5991410164638511,0.5449212266746694
70:30_seed123,70:30,70,123,38,17,1420,660,Individual,RF,,,0.8422535211267606,0.0181466179249649,0.7406840651358674,0.0745628017008736,0.7889618279377156,0.0239997802679656,0.6212121212121212,0.4888429618402106,0.6527863398107568,0.5426182747561323,0.5157306182981715
50:50_seed123,50:50,50,123,27,28,1000,1080,Individual,CNB,,,0.788,0.0378945906429928,0.6423716964757026,0.0529180710553452,0.7177490998145145,0.049507119058328,0.5925925925925926,0.4870638227703567,0.5784268925597923,0.4859529504158784,0.48650838659311757
80:20_seed42,80:20,80,42,44,11,1680,400,Individual,SVM-RBF,,,0.8398809523809524,0.0298154280627814,0.7552586619626258,0.0609856308938757,0.7960150935870143,0.0370356916705985,0.7025,0.4862741407418273,0.7162412758500938,0.6183879295140058,0.5523310351279165
70:30_seed123,70:30,70,123,38,17,1420,660,Ensemble,C2_Alt5_SoftVoting,C2_Alt5,Soft Voting,0.8507042253521127,0.0203617356264802,0.7725145441198091,0.0619055421371327,0.8008207985206667,0.0263150300719402,0.6121212121212121,0.4861459003528884,0.6556400495826548,0.5368192509498824,0.5114825756513854
80:20_seed123,80:20,80,123,44,11,1660,420,Individual,RF,,,0.8397590361445783,0.0339921348907611,0.7702170663376997,0.0719112651943247,0.7894887723351028,0.0447730381143599,0.6880952380952381,0.4837830464200449,0.7231690716985022,0.613685991728864,0.5487345190744544
50:50_seed123,50:50,50,123,27,28,1000,1080,Individual,LGBM,,,0.7259999999999999,0.022,0.6204605074861803,0.0496303704760349,0.6496328750601039,0.0267181428668305,0.6018518518518519,0.4809573171679853,0.5861547013999184,0.5113235303402426,0.49614042375411394
40:60_seed123,40:60,40,123,22,33,800,1280,Individual,LGBM,,,0.7150000000000001,0.0410030486671418,0.6196567630660949,0.0652542229172637,0.6422380878996609,0.0492235940138857,0.59765625,0.4808292508697062,0.6091925174912751,0.5001508949816424,0.4904900729256743
80:20_seed123,80:20,80,123,44,11,1660,420,Individual,LGBM,,,0.766867469879518,0.030485737178024,0.6799273998070765,0.0576000865379505,0.6996594197103818,0.0395322311173225,0.6428571428571429,0.480039023994444,0.6977537150275528,0.5643575310827444,0.5221982775385943
70:30_seed123,70:30,70,123,38,17,1420,660,Ensemble,C5_Prev5_SoftVoting,C5_Prev5,Soft Voting,0.843661971830986,0.0243543893884374,0.7552687982412019,0.0649141570878206,0.7917318942305983,0.0317527212004276,0.6151515151515151,0.4772173259784584,0.6483548479713681,0.5365860400829301,0.5069016830306943
80:20_seed123,80:20,80,123,44,11,1660,420,Individual,SVM-RBF,,,0.8373493975903615,0.0223785248445863,0.7461930641672837,0.0659947672890897,0.7876333721608133,0.0290321350849129,0.680952380952381,0.4771166097962465,0.7047715609458284,0.6019436016041079,0.5395301057001771
50:50_seed456,50:50,50,456,27,28,1040,1040,Individual,CNB,,,0.7903846153846154,0.0512058729065167,0.6880986856024061,0.0597186087993688,0.7311829569767802,0.0657682118544788,0.6307692307692307,0.4758094701903293,0.6406962197759665,0.5261256236984652,0.5009675469443973
60:40_seed456,60:40,60,456,33,22,1260,820,Individual,LGBM,,,0.7515873015873016,0.0258515832934957,0.6548185870448618,0.0586707334577431,0.6883362548947096,0.0307440481964758,0.5487804878048781,0.4740183449599559,0.5943704450234873,0.4531500647063701,0.463584204833163
80:20_seed123,80:20,80,123,44,11,1660,420,Individual,GB,,,0.8566265060240964,0.0229864867811312,0.6881489101121866,0.0593177645203703,0.8042714332763662,0.0317928963139219,0.7214285714285714,0.4738335468938955,0.7173773961338203,0.6454264046930132,0.5596299757934543
60:40_seed123,60:40,60,123,33,22,1220,860,Individual,CNB,,,0.7926229508196723,0.0200945092985758,0.6929926702959238,0.0431658817407349,0.7238979283787297,0.0259905060247379,0.5755813953488372,0.4712768203924126,0.5550484409481105,0.4737786182120543,0.4725277193022335
70:30_seed123,70:30,70,123,38,17,1420,660,Individual,LGBM,,,0.7894366197183099,0.0333969174686743,0.6724602985845581,0.0868234631828374,0.7224322915290807,0.043080809300029,0.5727272727272728,0.4709116104002376,0.6108250033427979,0.4972189280379059,0.4840652692190718
50:50_seed456,50:50,50,456,27,28,1040,1040,Individual,LGBM,,,0.7326923076923076,0.040062820492307,0.6680200806322584,0.0495680780276846,0.6650526254491579,0.0489868226828764,0.5548076923076923,0.4651122123443866,0.5888542335330766,0.4565997535333655,0.4608559829388761
40:60_seed456,40:60,40,456,22,33,860,1220,Individual,LGBM,,,0.6976744186046512,0.0289532548790435,0.6241298970418907,0.0498172884010819,0.6219634587266257,0.0349799175229543,0.559016393442623,0.4588347381244275,0.5696670613301963,0.4614181550232136,0.4601264465738205
80:20_seed42,80:20,80,42,44,11,1680,400,Individual,LGBM,,,0.7767857142857143,0.0238466971714406,0.676695794016565,0.0438412641082686,0.7191734219799366,0.0286217961845636,0.695,0.4553565308290809,0.708976920365701,0.6060354083749768,0.5306959696020288
70:30_seed123,70:30,70,123,38,17,1420,660,Individual,DT,,,0.8197183098591548,0.0258173278589061,0.7258424834557574,0.0615309335307231,0.7605377451399257,0.0337499437929992,0.5787878787878787,0.4545753372923506,0.6252033717752696,0.4987364596281777,0.4766558984602641
40:60_seed42,40:60,40,42,22,33,860,1220,Individual,LGBM,,,0.7034883720930233,0.0304331449495404,0.6366318887342703,0.0454085803727529,0.6398773607630304,0.0353489139878033,0.5827868852459016,0.4457380318051161,0.6340927958143041,0.4761709138117344,0.4609544728084253
60:40_seed123,60:40,60,123,33,22,1220,860,Individual,LGBM,,,0.7655737704918033,0.0396843227439678,0.6760471646133224,0.038968189929976,0.6965348458532329,0.0489622001356915,0.586046511627907,0.4448508708562235,0.5790001401056154,0.5003508771929824,0.47260087402460293
70:30_seed123,70:30,70,123,38,17,1420,660,Individual,CNB,,,0.817605633802817,0.0335450855318719,0.7225783898517449,0.072255825366177,0.7556501742566528,0.0429304669752326,0.5227272727272727,0.4093922676569922,0.5290705907595505,0.4230224851939631,0.41620737642547767
80:20_seed123,80:20,80,123,44,11,1660,420,Individual,CNB,,,0.7927710843373494,0.0248671896874099,0.7075664349719164,0.0467845075619949,0.7264531547173158,0.0332040095167629,0.4857142857142857,0.3711243302312805,0.4919405778333572,0.3698512148701776,0.37048777255072907
